link_id,percent_valid,hours_with_data,hours_valid,hours_dropped,percent_valid_hours,days_covered
s_1-5,100.0,96,96,0,100.0,4
s_1-8052,100.0,96,96,0,100.0,4
s_1-8066,100.0,96,96,0,100.0,4
s_10005-91,100.0,96,96,0,100.0,4
s_10005-93,100.0,96,96,0,100.0,4
s_10024-11231,100.0,96,96,0,100.0,4
s_10024-7134,100.0,96,96,0,100.0,4
s_10028-12130,100.0,96,96,0,100.0,4
s_10028-3906,100.0,96,96,0,100.0,4
s_10033-527,100.0,96,96,0,100.0,4
s_10033-536,100.0,96,96,0,100.0,4
s_10034-10507,100.0,96,96,0,100.0,4
s_10034-4056,100.0,96,96,0,100.0,4
s_10034-4251,100.0,96,96,0,100.0,4
s_10054-3667,100.0,96,96,0,100.0,4
s_10054-399,100.0,96,96,0,100.0,4
s_10058-12244,100.0,96,96,0,100.0,4
s_10058-31,100.0,96,96,0,100.0,4
s_10066-11384,100.0,80,80,0,100.0,4
s_10066-11981,100.0,96,96,0,100.0,4
s_10066-7171,100.0,96,96,0,100.0,4
s_10067-10073,100.0,96,96,0,100.0,4
s_10067-761,100.0,96,96,0,100.0,4
s_10067-773,100.0,96,96,0,100.0,4
s_10067-9701,100.0,96,96,0,100.0,4
s_10071-11392,100.0,96,96,0,100.0,4
s_10071-7093,100.0,96,96,0,100.0,4
s_10073-10067,100.0,96,96,0,100.0,4
s_10073-4135,100.0,96,96,0,100.0,4
s_10091-7073,100.0,96,96,0,100.0,4
s_10091-7199,100.0,96,96,0,100.0,4
s_10091-7220,100.0,96,96,0,100.0,4
s_10129-1979,100.0,96,96,0,100.0,4
s_10129-1983,100.0,96,96,0,100.0,4
s_10163-11356,100.0,96,96,0,100.0,4
s_10173-10294,100.0,96,96,0,100.0,4
s_10173-10297,100.0,96,96,0,100.0,4
s_10173-12117,100.0,96,96,0,100.0,4
s_10176-10537,100.0,96,96,0,100.0,4
s_10176-10575,100.0,96,96,0,100.0,4
s_10176-543,100.0,96,96,0,100.0,4
s_10178-10295,100.0,96,96,0,100.0,4
s_10178-4198,100.0,96,96,0,100.0,4
s_10179-1209,100.0,96,96,0,100.0,4
s_10179-1373,100.0,96,96,0,100.0,4
s_10186-10187,100.0,96,96,0,100.0,4
s_10186-4212,100.0,96,96,0,100.0,4
s_10187-10186,100.0,96,96,0,100.0,4
s_10187-11433,100.0,96,96,0,100.0,4
s_10187-4143,100.0,96,96,0,100.0,4
s_10233-12136,100.0,96,96,0,100.0,4
s_10233-4205,100.0,96,96,0,100.0,4
s_10233-7235,100.0,96,96,0,100.0,4
s_10246-12117,100.0,96,96,0,100.0,4
s_10246-75,100.0,93,93,0,100.0,4
s_10264-131,100.0,96,96,0,100.0,4
s_10264-4223,100.0,96,96,0,100.0,4
s_10265-11365,100.0,96,96,0,100.0,4
s_10265-9472,100.0,96,96,0,100.0,4
s_10266-12114,100.0,96,96,0,100.0,4
s_10269-10791,100.0,96,96,0,100.0,4
s_10269-4063,100.0,96,96,0,100.0,4
s_10269-963,100.0,96,96,0,100.0,4
s_10293-10294,100.0,96,96,0,100.0,4
s_10293-4112,100.0,96,96,0,100.0,4
s_10294-10173,100.0,96,96,0,100.0,4
s_10294-10293,100.0,96,96,0,100.0,4
s_10295-10178,100.0,96,96,0,100.0,4
s_10295-4115,100.0,96,96,0,100.0,4
s_10297-10173,100.0,96,96,0,100.0,4
s_10297-8059,100.0,96,96,0,100.0,4
s_10319-11995,100.0,96,96,0,100.0,4
s_10319-4186,100.0,96,96,0,100.0,4
s_10367-8039,100.0,96,96,0,100.0,4
s_10367-9756,100.0,96,96,0,100.0,4
s_10385-7001,100.0,96,96,0,100.0,4
s_10385-7116,100.0,96,96,0,100.0,4
s_10385-7264,100.0,96,96,0,100.0,4
s_10398-3772,100.0,96,96,0,100.0,4
s_10398-9461,100.0,96,96,0,100.0,4
s_10407-10703,100.0,96,96,0,100.0,4
s_10407-11356,100.0,96,96,0,100.0,4
s_10407-2493,100.0,96,96,0,100.0,4
s_10408-4061,100.0,96,96,0,100.0,4
s_10408-4175,100.0,96,96,0,100.0,4
s_10438-11417,100.0,96,96,0,100.0,4
s_10438-2221,100.0,96,96,0,100.0,4
s_10488-12188,100.0,96,96,0,100.0,4
s_10488-3698,100.0,96,96,0,100.0,4
s_10488-9456,100.0,96,96,0,100.0,4
s_10488-9688,100.0,96,96,0,100.0,4
s_105-119,100.0,96,96,0,100.0,4
s_105-12236,100.0,96,96,0,100.0,4
s_105-283,100.0,96,96,0,100.0,4
s_105-565,100.0,96,96,0,100.0,4
s_10502-332,100.0,96,96,0,100.0,4
s_10507-10034,100.0,96,96,0,100.0,4
s_10507-541,100.0,96,96,0,100.0,4
s_10507-681,100.0,96,96,0,100.0,4
s_10509-7159,100.0,96,96,0,100.0,4
s_10509-7256,100.0,96,96,0,100.0,4
s_10514-5529,100.0,96,96,0,100.0,4
s_10514-7013,100.0,96,96,0,100.0,4
s_10523-1191,100.0,96,96,0,100.0,4
s_10525-1229,100.0,96,96,0,100.0,4
s_10525-4052,100.0,96,96,0,100.0,4
s_10531-1908,100.0,96,96,0,100.0,4
s_10531-617,100.0,96,96,0,100.0,4
s_10537-10176,100.0,96,96,0,100.0,4
s_10537-3564,100.0,96,96,0,100.0,4
s_10537-4251,100.0,96,96,0,100.0,4
s_10537-543,100.0,96,96,0,100.0,4
s_10550-12135,100.0,96,96,0,100.0,4
s_10550-629,100.0,96,96,0,100.0,4
s_10550-635,100.0,96,96,0,100.0,4
s_10552-2047,100.0,96,96,0,100.0,4
s_10555-12111,100.0,96,96,0,100.0,4
s_10555-7190,100.0,96,96,0,100.0,4
s_10555-7192,100.0,96,96,0,100.0,4
s_10558-10611,100.0,96,96,0,100.0,4
s_10558-7192,100.0,96,96,0,100.0,4
s_10574-9802,100.0,96,96,0,100.0,4
s_10574-9944,100.0,96,96,0,100.0,4
s_10575-10176,100.0,96,96,0,100.0,4
s_10575-3655,100.0,96,96,0,100.0,4
s_10577-745,100.0,96,96,0,100.0,4
s_10577-747,100.0,96,96,0,100.0,4
s_10579-1621,100.0,96,96,0,100.0,4
s_10579-1653,100.0,96,96,0,100.0,4
s_10579-2429,100.0,96,96,0,100.0,4
s_10582-1073,100.0,96,96,0,100.0,4
s_10582-1317,100.0,96,96,0,100.0,4
s_1059-1117,100.0,96,96,0,100.0,4
s_1059-11301,100.0,96,96,0,100.0,4
s_1059-11302,100.0,96,96,0,100.0,4
s_1059-2271,100.0,96,96,0,100.0,4
s_10607-1373,100.0,96,96,0,100.0,4
s_10607-8039,100.0,96,96,0,100.0,4
s_10608-283,100.0,96,96,0,100.0,4
s_10608-9054,100.0,96,96,0,100.0,4
s_10611-10558,100.0,96,96,0,100.0,4
s_10611-11375,100.0,96,96,0,100.0,4
s_10611-7080,100.0,96,96,0,100.0,4
s_10612-1201,100.0,96,96,0,100.0,4
s_10612-1207,100.0,96,96,0,100.0,4
s_10612-1209,100.0,96,96,0,100.0,4
s_10613-11952,100.0,96,96,0,100.0,4
s_10613-7245,100.0,96,96,0,100.0,4
s_10613-9232,100.0,96,96,0,100.0,4
s_10616-11306,100.0,96,96,0,100.0,4
s_10616-12185,100.0,96,96,0,100.0,4
s_10616-1247,100.0,96,96,0,100.0,4
s_10633-2061,100.0,96,96,0,100.0,4
s_10633-2063,100.0,96,96,0,100.0,4
s_10634-2167,100.0,96,96,0,100.0,4
s_10634-4181,100.0,96,96,0,100.0,4
s_10647-301,100.0,96,96,0,100.0,4
s_10647-303,100.0,96,96,0,100.0,4
s_10684-77,100.0,96,96,0,100.0,4
s_10684-79,100.0,96,96,0,100.0,4
s_10689-3974,100.0,96,96,0,100.0,4
s_10689-7186,100.0,96,96,0,100.0,4
s_10689-7238,100.0,96,96,0,100.0,4
s_10696-10901,100.0,96,96,0,100.0,4
s_10697-12100,100.0,96,96,0,100.0,4
s_10697-3856,100.0,96,96,0,100.0,4
s_10700-3710,100.0,96,96,0,100.0,4
s_10700-537,100.0,96,96,0,100.0,4
s_10700-553,100.0,96,96,0,100.0,4
s_10701-3542,100.0,96,96,0,100.0,4
s_10701-9616,100.0,96,96,0,100.0,4
s_10703-10407,100.0,96,96,0,100.0,4
s_10703-4251,100.0,96,96,0,100.0,4
s_10703-681,100.0,96,96,0,100.0,4
s_10706-11739,100.0,96,96,0,100.0,4
s_1073-10582,100.0,96,96,0,100.0,4
s_1073-10809,100.0,96,96,0,100.0,4
s_1073-9478,100.0,96,96,0,100.0,4
s_10734-7097,100.0,96,96,0,100.0,4
s_1075-10809,100.0,96,96,0,100.0,4
s_1075-11424,100.0,96,96,0,100.0,4
s_10764-7025,100.0,96,96,0,100.0,4
s_10764-7159,100.0,96,96,0,100.0,4
s_10764-9735,100.0,96,96,0,100.0,4
s_10765-11297,100.0,96,96,0,100.0,4
s_10765-11412,100.0,96,96,0,100.0,4
s_10765-941,100.0,96,96,0,100.0,4
s_1077-11305,100.0,96,96,0,100.0,4
s_1077-11424,100.0,96,96,0,100.0,4
s_1077-4003,100.0,96,96,0,100.0,4
s_10781-4204,100.0,96,96,0,100.0,4
s_1079-1083,100.0,96,96,0,100.0,4
s_1079-12239,100.0,96,96,0,100.0,4
s_10791-10269,100.0,96,96,0,100.0,4
s_10791-4175,100.0,96,96,0,100.0,4
s_10793-11288,100.0,96,96,0,100.0,4
s_10793-12125,100.0,96,96,0,100.0,4
s_10793-4205,100.0,96,96,0,100.0,4
s_10796-11388,100.0,96,96,0,100.0,4
s_10796-7139,100.0,96,96,0,100.0,4
s_10799-2063,100.0,96,96,0,100.0,4
s_10799-7220,100.0,96,96,0,100.0,4
s_10807-1329,100.0,96,96,0,100.0,4
s_10807-4082,100.0,96,96,0,100.0,4
s_10808-12097,100.0,96,96,0,100.0,4
s_10808-3624,100.0,96,96,0,100.0,4
s_10809-1073,100.0,96,96,0,100.0,4
s_10809-1075,100.0,96,96,0,100.0,4
s_10809-4003,100.0,96,96,0,100.0,4
s_10811-11045,100.0,96,96,0,100.0,4
s_10811-9276,100.0,96,96,0,100.0,4
s_10828-10929,100.0,96,96,0,100.0,4
s_10828-817,100.0,96,96,0,100.0,4
s_1083-1079,100.0,96,96,0,100.0,4
s_1083-1087,100.0,96,96,0,100.0,4
s_10869-7073,100.0,96,96,0,100.0,4
s_1087-1083,100.0,96,96,0,100.0,4
s_1087-1089,100.0,96,96,0,100.0,4
s_1087-2229,100.0,96,96,0,100.0,4
s_10888-12100,100.0,96,96,0,100.0,4
s_1089-1087,100.0,96,96,0,100.0,4
s_1089-1093,100.0,96,96,0,100.0,4
s_1089-2169,100.0,96,96,0,100.0,4
s_10901-10696,100.0,96,96,0,100.0,4
s_10916-11290,100.0,96,96,0,100.0,4
s_10916-9350,100.0,96,96,0,100.0,4
s_10918-11380,100.0,96,96,0,100.0,4
s_10918-9827,100.0,96,96,0,100.0,4
s_10927-4076,100.0,96,96,0,100.0,4
s_10928-1781,100.0,96,96,0,100.0,4
s_10929-10828,100.0,96,96,0,100.0,4
s_10929-1937,100.0,96,96,0,100.0,4
s_10929-823,100.0,96,96,0,100.0,4
s_1093-1089,100.0,96,96,0,100.0,4
s_1093-3938,100.0,96,96,0,100.0,4
s_1093-4203,100.0,96,96,0,100.0,4
s_10937-2003,100.0,96,96,0,100.0,4
s_1095-12619,100.0,96,96,0,100.0,4
s_10957-12351,100.0,96,96,0,100.0,4
s_10957-3437,100.0,96,96,0,100.0,4
s_10957-7173,100.0,96,96,0,100.0,4
s_10958-119,100.0,96,96,0,100.0,4
s_10958-125,100.0,96,96,0,100.0,4
s_1099-1101,100.0,96,96,0,100.0,4
s_1099-4203,100.0,96,96,0,100.0,4
s_11-13,100.0,96,96,0,100.0,4
s_11-7,100.0,96,96,0,100.0,4
s_1101-1099,100.0,96,96,0,100.0,4
s_1101-1105,100.0,96,96,0,100.0,4
s_11044-11288,100.0,96,96,0,100.0,4
s_11044-11986,100.0,96,96,0,100.0,4
s_11044-39,100.0,96,96,0,100.0,4
s_11045-10811,100.0,96,96,0,100.0,4
s_11045-11291,100.0,96,96,0,100.0,4
s_1105-1101,100.0,96,96,0,100.0,4
s_1105-1109,100.0,96,96,0,100.0,4
s_11050-9732,100.0,96,96,0,100.0,4
s_11053-9827,100.0,96,96,0,100.0,4
s_11056-7271,100.0,96,96,0,100.0,4
s_1109-1105,100.0,96,96,0,100.0,4
s_1109-12139,100.0,96,96,0,100.0,4
s_1109-4031,100.0,96,96,0,100.0,4
s_11097-7093,100.0,96,96,0,100.0,4
s_11097-9619,100.0,96,96,0,100.0,4
s_1113-11303,100.0,96,96,0,100.0,4
s_1113-4031,100.0,96,96,0,100.0,4
s_1115-1117,100.0,96,96,0,100.0,4
s_1115-11303,100.0,96,96,0,100.0,4
s_1115-1165,100.0,96,96,0,100.0,4
s_1115-9456,100.0,96,96,0,100.0,4
s_1117-1059,100.0,96,96,0,100.0,4
s_1117-1115,100.0,96,96,0,100.0,4
s_1117-9150,100.0,96,96,0,100.0,4
s_11176-11185,100.0,96,96,0,100.0,4
s_11185-11176,100.0,96,96,0,100.0,4
s_11185-1743,100.0,96,96,0,100.0,4
s_11205-11349,100.0,96,96,0,100.0,4
s_11205-649,100.0,96,96,0,100.0,4
s_11205-9251,100.0,96,96,0,100.0,4
s_11218-1301,100.0,96,96,0,100.0,4
s_11218-1337,100.0,96,96,0,100.0,4
s_11222-599,100.0,96,96,0,100.0,4
s_11222-7046,100.0,96,96,0,100.0,4
s_11223-1908,100.0,96,96,0,100.0,4
s_11223-7193,100.0,96,96,0,100.0,4
s_11224-335,100.0,96,96,0,100.0,4
s_11224-4080,100.0,96,96,0,100.0,4
s_11225-11993,100.0,96,96,0,100.0,4
s_11225-4186,100.0,96,96,0,100.0,4
s_11225-4219,100.0,96,96,0,100.0,4
s_11230-1923,100.0,96,96,0,100.0,4
s_11230-3026,100.0,96,96,0,100.0,4
s_11231-10024,100.0,96,96,0,100.0,4
s_11231-12131,100.0,96,96,0,100.0,4
s_11232-4095,100.0,96,96,0,100.0,4
s_11232-7200,100.0,96,96,0,100.0,4
s_11233-11439,100.0,96,96,0,100.0,4
s_11233-11440,100.0,96,96,0,100.0,4
s_1127-12614,100.0,96,96,0,100.0,4
s_1127-8070,100.0,96,96,0,100.0,4
s_11288-10793,100.0,96,96,0,100.0,4
s_11288-11044,100.0,96,96,0,100.0,4
s_11288-12131,100.0,96,96,0,100.0,4
s_11288-4205,100.0,96,96,0,100.0,4
s_11289-11348,100.0,96,96,0,100.0,4
s_11289-4074,100.0,96,96,0,100.0,4
s_11290-10916,100.0,96,96,0,100.0,4
s_11290-8009,100.0,96,96,0,100.0,4
s_11290-9276,100.0,96,96,0,100.0,4
s_11291-11045,100.0,96,96,0,100.0,4
s_11291-97,100.0,96,96,0,100.0,4
s_11292-3011,100.0,96,96,0,100.0,4
s_11292-9157,100.0,96,96,0,100.0,4
s_11295-7234,100.0,96,96,0,100.0,4
s_11295-7235,100.0,96,96,0,100.0,4
s_11296-933,100.0,96,96,0,100.0,4
s_11296-935,100.0,96,96,0,100.0,4
s_11297-10765,100.0,96,96,0,100.0,4
s_11297-935,100.0,96,96,0,100.0,4
s_11298-11299,100.0,96,96,0,100.0,4
s_11299-11298,100.0,96,96,0,100.0,4
s_11299-7222,100.0,96,96,0,100.0,4
s_11300-11301,100.0,96,96,0,100.0,4
s_11300-11985,100.0,96,96,0,100.0,4
s_11301-1059,100.0,96,96,0,100.0,4
s_11301-11300,100.0,96,96,0,100.0,4
s_11302-1059,100.0,96,96,0,100.0,4
s_11303-1113,100.0,96,96,0,100.0,4
s_11303-1115,100.0,96,96,0,100.0,4
s_11304-8070,100.0,96,96,0,100.0,4
s_11304-9478,100.0,96,96,0,100.0,4
s_11305-1077,100.0,96,96,0,100.0,4
s_11305-4082,100.0,96,96,0,100.0,4
s_11306-10616,100.0,96,96,0,100.0,4
s_11306-459,100.0,96,96,0,100.0,4
s_11307-11347,100.0,96,96,0,100.0,4
s_11307-1449,100.0,96,96,0,100.0,4
s_1131-1133,100.0,96,96,0,100.0,4
s_1131-2273,100.0,96,96,0,100.0,4
s_1131-30000,100.0,96,96,0,100.0,4
s_1133-1131,100.0,96,96,0,100.0,4
s_1133-1135,100.0,96,96,0,100.0,4
s_11347-11307,100.0,96,96,0,100.0,4
s_11347-1461,100.0,96,96,0,100.0,4
s_11348-11289,100.0,96,96,0,100.0,4
s_11348-1487,100.0,96,96,0,100.0,4
s_11348-4216,100.0,96,96,0,100.0,4
s_11349-11205,100.0,96,96,0,100.0,4
s_11349-1487,100.0,96,96,0,100.0,4
s_1135-1133,100.0,96,96,0,100.0,4
s_1135-1137,100.0,96,96,0,100.0,4
s_11350-1593,100.0,96,96,0,100.0,4
s_11351-1601,100.0,96,96,0,100.0,4
s_11352-1635,100.0,96,96,0,100.0,4
s_11352-1643,100.0,96,96,0,100.0,4
s_11353-1713,100.0,96,96,0,100.0,4
s_11353-1721,100.0,96,96,0,100.0,4
s_11354-1721,100.0,96,96,0,100.0,4
s_11354-1723,100.0,96,96,0,100.0,4
s_11355-1823,100.0,96,96,0,100.0,4
s_11355-513,100.0,96,96,0,100.0,4
s_11356-10163,100.0,96,96,0,100.0,4
s_11356-10407,100.0,96,96,0,100.0,4
s_11365-10265,100.0,96,96,0,100.0,4
s_11365-3938,100.0,96,96,0,100.0,4
s_1137-1135,100.0,96,96,0,100.0,4
s_1137-1139,100.0,96,96,0,100.0,4
s_11373-9060,100.0,96,96,0,100.0,4
s_11375-10611,100.0,96,96,0,100.0,4
s_11375-7258,100.0,96,96,0,100.0,4
s_11378-1911,100.0,96,96,0,100.0,4
s_11378-7197,100.0,96,96,0,100.0,4
s_11379-12245,100.0,96,96,0,100.0,4
s_11379-2141,100.0,96,96,0,100.0,4
s_11380-10918,100.0,96,96,0,100.0,4
s_11380-9913,100.0,96,96,0,100.0,4
s_11382-11383,100.0,96,96,0,100.0,4
s_11382-4189,100.0,96,96,0,100.0,4
s_11383-11382,100.0,96,96,0,100.0,4
s_11384-10066,100.0,80,80,0,100.0,4
s_11384-7001,100.0,96,96,0,100.0,4
s_11384-7244,100.0,96,96,0,100.0,4
s_11385-4071,100.0,96,96,0,100.0,4
s_11385-5529,100.0,96,96,0,100.0,4
s_11386-4125,100.0,96,96,0,100.0,4
s_11386-9730,100.0,96,96,0,100.0,4
s_11388-10796,100.0,96,96,0,100.0,4
s_11388-7177,100.0,96,96,0,100.0,4
s_1139-1137,100.0,96,96,0,100.0,4
s_1139-1147,100.0,96,96,0,100.0,4
s_1139-2311,100.0,96,96,0,100.0,4
s_11391-4036,100.0,96,96,0,100.0,4
s_11391-7180,100.0,96,96,0,100.0,4
s_11392-10071,100.0,96,96,0,100.0,4
s_11392-7195,100.0,96,96,0,100.0,4
s_11403-1945,100.0,96,96,0,100.0,4
s_11403-4131,100.0,96,96,0,100.0,4
s_11412-10765,100.0,96,96,0,100.0,4
s_11412-11413,100.0,96,96,0,100.0,4
s_11413-11412,100.0,96,96,0,100.0,4
s_11413-11414,100.0,96,96,0,100.0,4
s_11414-11413,100.0,96,96,0,100.0,4
s_11414-4173,100.0,96,96,0,100.0,4
s_11415-4181,100.0,96,96,0,100.0,4
s_11416-1189,100.0,96,96,0,100.0,4
s_11416-2213,100.0,96,96,0,100.0,4
s_11417-10438,100.0,96,96,0,100.0,4
s_11417-2213,100.0,96,96,0,100.0,4
s_11418-373,100.0,96,96,0,100.0,4
s_11419-11421,100.0,96,96,0,100.0,4
s_11421-11419,100.0,96,96,0,100.0,4
s_11422-11773,100.0,96,96,0,100.0,4
s_11423-11773,100.0,96,96,0,100.0,4
s_11424-1075,100.0,96,96,0,100.0,4
s_11424-1077,100.0,96,96,0,100.0,4
s_11426-369,100.0,96,96,0,100.0,4
s_11427-2205,100.0,96,96,0,100.0,4
s_11427-369,100.0,96,96,0,100.0,4
s_11428-11429,100.0,96,96,0,100.0,4
s_11428-1195,100.0,96,96,0,100.0,4
s_11429-11428,100.0,96,96,0,100.0,4
s_11429-2264,100.0,96,96,0,100.0,4
s_11430-1321,100.0,96,96,0,100.0,4
s_11430-4081,100.0,96,96,0,100.0,4
s_11433-10187,100.0,96,96,0,100.0,4
s_11433-9429,100.0,96,96,0,100.0,4
s_11434-9989,100.0,96,96,0,100.0,4
s_11434-9999,100.0,96,96,0,100.0,4
s_11435-1207,100.0,96,96,0,100.0,4
s_11435-8039,100.0,96,96,0,100.0,4
s_11436-11437,100.0,96,96,0,100.0,4
s_11436-9334,100.0,96,96,0,100.0,4
s_11437-11436,100.0,96,96,0,100.0,4
s_11437-4060,100.0,96,96,0,100.0,4
s_11438-1219,100.0,96,96,0,100.0,4
s_11438-2324,100.0,96,96,0,100.0,4
s_11439-11233,100.0,96,96,0,100.0,4
s_11439-3903,100.0,96,96,0,100.0,4
s_11440-11233,100.0,96,96,0,100.0,4
s_11440-3842,100.0,96,96,0,100.0,4
s_11441-2327,100.0,96,96,0,100.0,4
s_11441-3842,100.0,96,96,0,100.0,4
s_11442-1153,100.0,96,96,0,100.0,4
s_11442-2327,100.0,96,96,0,100.0,4
s_11443-1151,100.0,96,96,0,100.0,4
s_11443-3017,100.0,96,96,0,100.0,4
s_11444-1153,100.0,96,96,0,100.0,4
s_11444-1155,100.0,96,96,0,100.0,4
s_11445-1155,100.0,96,96,0,100.0,4
s_11445-3018,100.0,96,96,0,100.0,4
s_11446-12067,100.0,96,96,0,100.0,4
s_11446-3545,100.0,96,96,0,100.0,4
s_11447-1405,100.0,96,96,0,100.0,4
s_11447-2331,100.0,96,96,0,100.0,4
s_11448-2331,100.0,96,96,0,100.0,4
s_11448-2335,100.0,96,96,0,100.0,4
s_11449-1449,100.0,96,96,0,100.0,4
s_11449-2335,100.0,96,96,0,100.0,4
s_11451-1255,100.0,96,96,0,100.0,4
s_11451-475,100.0,96,96,0,100.0,4
s_1147-1139,100.0,96,96,0,100.0,4
s_1147-1149,100.0,96,96,0,100.0,4
s_1147-3411,100.0,96,96,0,100.0,4
s_1147-3770,100.0,96,96,0,100.0,4
s_1149-1147,100.0,96,96,0,100.0,4
s_1149-3017,100.0,96,96,0,100.0,4
s_1151-11443,100.0,96,96,0,100.0,4
s_1151-1153,100.0,96,96,0,100.0,4
s_1153-11442,100.0,96,96,0,100.0,4
s_1153-11444,100.0,96,96,0,100.0,4
s_1153-1151,100.0,96,96,0,100.0,4
s_1155-11444,100.0,96,96,0,100.0,4
s_1155-11445,100.0,96,96,0,100.0,4
s_1155-1157,100.0,96,96,0,100.0,4
s_1157-1155,100.0,96,96,0,100.0,4
s_1157-1159,100.0,96,96,0,100.0,4
s_1159-1157,100.0,96,96,0,100.0,4
s_1159-1161,100.0,96,96,0,100.0,4
s_1159-3019,100.0,96,96,0,100.0,4
s_1161-1159,100.0,96,96,0,100.0,4
s_1161-1471,100.0,96,96,0,100.0,4
s_1161-9326,100.0,96,96,0,100.0,4
s_11611-11612,100.0,96,96,0,100.0,4
s_11611-7116,100.0,96,96,0,100.0,4
s_11611-7256,100.0,96,96,0,100.0,4
s_11612-11611,100.0,96,96,0,100.0,4
s_1165-1115,100.0,96,96,0,100.0,4
s_1165-4142,100.0,96,96,0,100.0,4
s_11731-2603,100.0,96,96,0,100.0,4
s_11731-941,100.0,96,96,0,100.0,4
s_11739-10706,100.0,96,96,0,100.0,4
s_11773-11422,100.0,96,96,0,100.0,4
s_11773-11423,100.0,96,96,0,100.0,4
s_1187-1197,100.0,96,96,0,100.0,4
s_1187-1199,100.0,96,96,0,100.0,4
s_1189-11416,100.0,96,96,0,100.0,4
s_11894-149,100.0,96,96,0,100.0,4
s_11894-1955,100.0,96,96,0,100.0,4
s_119-105,100.0,96,96,0,100.0,4
s_119-10958,100.0,96,96,0,100.0,4
s_119-3856,100.0,96,96,0,100.0,4
s_1191-10523,100.0,96,96,0,100.0,4
s_1191-381,100.0,96,96,0,100.0,4
s_1191-9387,100.0,96,96,0,100.0,4
s_1195-11428,100.0,96,96,0,100.0,4
s_1195-9306,100.0,96,96,0,100.0,4
s_1195-9387,100.0,96,96,0,100.0,4
s_1195-9688,100.0,96,96,0,100.0,4
s_11952-10613,100.0,96,96,0,100.0,4
s_11952-7180,100.0,96,96,0,100.0,4
s_1197-1187,100.0,96,96,0,100.0,4
s_1197-9688,100.0,96,96,0,100.0,4
s_11981-10066,100.0,96,96,0,100.0,4
s_11981-4205,100.0,96,96,0,100.0,4
s_11982-4035,100.0,96,96,0,100.0,4
s_11982-97,100.0,96,96,0,100.0,4
s_11983-3403,100.0,96,96,0,100.0,4
s_11983-9736,100.0,96,96,0,100.0,4
s_11984-12128,100.0,96,96,0,100.0,4
s_11985-11300,100.0,96,96,0,100.0,4
s_11986-11044,100.0,96,96,0,100.0,4
s_11987-7092,100.0,96,96,0,100.0,4
s_11988-11989,100.0,96,96,0,100.0,4
s_11988-9702,100.0,96,96,0,100.0,4
s_11989-11988,100.0,96,96,0,100.0,4
s_11989-11990,100.0,96,96,0,100.0,4
s_1199-1187,100.0,96,96,0,100.0,4
s_1199-20000,100.0,96,96,0,100.0,4
s_11990-11989,100.0,96,96,0,100.0,4
s_11990-11991,100.0,96,96,0,100.0,4
s_11991-11990,100.0,96,96,0,100.0,4
s_11991-11992,100.0,96,96,0,100.0,4
s_11992-11991,100.0,96,96,0,100.0,4
s_11993-11225,100.0,96,96,0,100.0,4
s_11993-12347,100.0,96,96,0,100.0,4
s_11995-10319,100.0,96,96,0,100.0,4
s_11996-2141,100.0,96,96,0,100.0,4
s_11998-2157,100.0,96,96,0,100.0,4
s_11998-4181,100.0,96,96,0,100.0,4
s_1201-10612,100.0,96,96,0,100.0,4
s_1201-12129,100.0,96,96,0,100.0,4
s_1201-12188,100.0,96,96,0,100.0,4
s_1201-1345,100.0,96,96,0,100.0,4
s_1203-12129,100.0,96,96,0,100.0,4
s_1203-3840,100.0,96,96,0,100.0,4
s_1203-8009,100.0,96,96,0,100.0,4
s_1203-9999,100.0,96,96,0,100.0,4
s_1205-1207,100.0,96,96,0,100.0,4
s_1205-4143,100.0,96,96,0,100.0,4
s_1205-9999,100.0,96,96,0,100.0,4
s_12067-11446,100.0,96,96,0,100.0,4
s_12067-1397,100.0,96,96,0,100.0,4
s_12067-1399,100.0,96,96,0,100.0,4
s_1207-10612,100.0,96,96,0,100.0,4
s_1207-11435,100.0,96,96,0,100.0,4
s_1207-1205,100.0,96,96,0,100.0,4
s_12071-12072,100.0,96,96,0,100.0,4
s_12071-2183,100.0,96,96,0,100.0,4
s_12071-4226,100.0,96,96,0,100.0,4
s_12072-12071,100.0,96,96,0,100.0,4
s_12082-7199,100.0,96,96,0,100.0,4
s_12082-7260,100.0,96,96,0,100.0,4
s_1209-10179,100.0,96,96,0,100.0,4
s_1209-10612,100.0,96,96,0,100.0,4
s_1209-1211,100.0,96,96,0,100.0,4
s_1209-1375,100.0,96,96,0,100.0,4
s_12095-1355,100.0,96,96,0,100.0,4
s_12095-1379,100.0,96,96,0,100.0,4
s_12095-4055,100.0,96,96,0,100.0,4
s_12097-10808,100.0,96,96,0,100.0,4
s_12097-1357,100.0,96,96,0,100.0,4
s_12099-4196,100.0,96,96,0,100.0,4
s_12099-9073,100.0,96,96,0,100.0,4
s_12100-10697,100.0,96,96,0,100.0,4
s_12100-10888,100.0,96,96,0,100.0,4
s_12100-287,100.0,96,96,0,100.0,4
s_12106-12107,100.0,96,96,0,100.0,4
s_12106-1707,100.0,96,96,0,100.0,4
s_12107-12106,100.0,96,96,0,100.0,4
s_12107-1711,100.0,96,96,0,100.0,4
s_1211-1209,100.0,96,96,0,100.0,4
s_1211-1213,100.0,96,96,0,100.0,4
s_1211-3720,100.0,96,96,0,100.0,4
s_12110-12240,100.0,96,96,0,100.0,4
s_12110-7024,100.0,96,96,0,100.0,4
s_12111-10555,100.0,96,96,0,100.0,4
s_12114-10266,100.0,96,96,0,100.0,4
s_12117-10173,100.0,96,96,0,100.0,4
s_12117-10246,100.0,96,96,0,100.0,4
s_12117-67,100.0,96,96,0,100.0,4
s_12119-13,100.0,96,96,0,100.0,4
s_12119-3993,100.0,96,96,0,100.0,4
s_12119-4067,100.0,96,96,0,100.0,4
s_12120-12121,100.0,96,96,0,100.0,4
s_12120-7091,100.0,96,96,0,100.0,4
s_12121-12120,100.0,96,96,0,100.0,4
s_12121-12122,100.0,96,96,0,100.0,4
s_12122-12121,100.0,96,96,0,100.0,4
s_12122-12123,100.0,96,96,0,100.0,4
s_12123-12122,100.0,96,96,0,100.0,4
s_12123-12124,100.0,96,96,0,100.0,4
s_12123-12241,100.0,96,96,0,100.0,4
s_12124-12123,100.0,96,96,0,100.0,4
s_12124-12125,100.0,96,96,0,100.0,4
s_12125-10793,100.0,96,96,0,100.0,4
s_12125-12124,100.0,96,96,0,100.0,4
s_12126-12127,100.0,96,96,0,100.0,4
s_12126-7067,100.0,96,96,0,100.0,4
s_12127-12126,100.0,96,96,0,100.0,4
s_12127-12128,100.0,96,96,0,100.0,4
s_12128-11984,100.0,96,96,0,100.0,4
s_12128-12127,100.0,96,96,0,100.0,4
s_12129-1201,100.0,96,96,0,100.0,4
s_12129-1203,100.0,96,96,0,100.0,4
s_12129-12188,100.0,96,96,0,100.0,4
s_1213-1211,100.0,96,96,0,100.0,4
s_1213-9254,100.0,96,96,0,100.0,4
s_1213-9334,100.0,96,96,0,100.0,4
s_12130-10028,100.0,96,96,0,100.0,4
s_12130-667,100.0,96,96,0,100.0,4
s_12131-11231,100.0,96,96,0,100.0,4
s_12131-11288,100.0,96,96,0,100.0,4
s_12132-749,100.0,77,77,0,100.0,4
s_12132-9128,100.0,96,96,0,100.0,4
s_12134-12135,100.0,96,96,0,100.0,4
s_12134-9427,100.0,96,96,0,100.0,4
s_12135-10550,100.0,96,96,0,100.0,4
s_12135-12134,100.0,96,96,0,100.0,4
s_12136-10233,100.0,96,96,0,100.0,4
s_12136-8024,100.0,77,77,0,100.0,4
s_12139-1109,100.0,96,96,0,100.0,4
s_12139-7219,100.0,96,96,0,100.0,4
s_1215-3588,100.0,96,96,0,100.0,4
s_1215-9254,100.0,96,96,0,100.0,4
s_12162-12166,100.0,96,96,0,100.0,4
s_12162-3660,100.0,96,96,0,100.0,4
s_12162-4048,100.0,96,96,0,100.0,4
s_12166-12162,100.0,96,96,0,100.0,4
s_12166-1247,100.0,96,96,0,100.0,4
s_12166-3933,100.0,96,96,0,100.0,4
s_1217-1219,100.0,96,96,0,100.0,4
s_1217-3588,100.0,96,96,0,100.0,4
s_12185-10616,100.0,96,96,0,100.0,4
s_12185-459,100.0,96,96,0,100.0,4
s_12185-468,100.0,96,96,0,100.0,4
s_12188-10488,100.0,96,96,0,100.0,4
s_12188-1201,100.0,96,96,0,100.0,4
s_12188-12129,100.0,96,96,0,100.0,4
s_1219-11438,100.0,96,96,0,100.0,4
s_1219-1217,100.0,96,96,0,100.0,4
s_1219-1227,100.0,96,96,0,100.0,4
s_12236-105,100.0,96,96,0,100.0,4
s_12236-99,100.0,96,96,0,100.0,4
s_12239-1079,100.0,96,96,0,100.0,4
s_12239-367,100.0,96,96,0,100.0,4
s_12240-12110,100.0,96,96,0,100.0,4
s_12241-12123,100.0,96,96,0,100.0,4
s_12241-12242,100.0,96,96,0,100.0,4
s_12242-12241,100.0,96,96,0,100.0,4
s_12242-12244,100.0,96,96,0,100.0,4
s_12244-10058,100.0,96,96,0,100.0,4
s_12244-12242,100.0,96,96,0,100.0,4
s_12244-39,100.0,96,96,0,100.0,4
s_12245-11379,100.0,96,96,0,100.0,4
s_12245-2057,100.0,96,96,0,100.0,4
s_1227-1219,100.0,96,96,0,100.0,4
s_1227-1229,100.0,96,96,0,100.0,4
s_1227-3772,100.0,96,96,0,100.0,4
s_12285-4064,100.0,96,96,0,100.0,4
s_12285-9158,100.0,96,96,0,100.0,4
s_1229-10525,100.0,96,96,0,100.0,4
s_1229-1227,100.0,96,96,0,100.0,4
s_1229-1391,100.0,96,96,0,100.0,4
s_12291-3993,100.0,96,96,0,100.0,4
s_12291-4193,100.0,96,96,0,100.0,4
s_12291-4194,100.0,96,96,0,100.0,4
s_1233-3933,100.0,96,96,0,100.0,4
s_1233-4052,100.0,96,96,0,100.0,4
s_12341-311,100.0,96,96,0,100.0,4
s_12341-873,100.0,96,96,0,100.0,4
s_12346-12347,100.0,96,96,0,100.0,4
s_12346-3692,100.0,96,96,0,100.0,4
s_12346-9674,100.0,96,96,0,100.0,4
s_12347-11993,100.0,96,96,0,100.0,4
s_12347-12346,100.0,96,96,0,100.0,4
s_12351-10957,100.0,96,96,0,100.0,4
s_12351-2055,100.0,96,96,0,100.0,4
s_12353-1779,100.0,96,96,0,100.0,4
s_12353-1783,100.0,96,96,0,100.0,4
s_12353-1811,100.0,96,96,0,100.0,4
s_12354-3498,100.0,96,96,0,100.0,4
s_12354-3919,100.0,96,96,0,100.0,4
s_12354-9616,100.0,96,96,0,100.0,4
s_12355-1801,100.0,96,96,0,100.0,4
s_12355-565,100.0,96,96,0,100.0,4
s_12355-573,100.0,96,96,0,100.0,4
s_12356-7046,100.0,96,96,0,100.0,4
s_12356-7190,100.0,96,96,0,100.0,4
s_12420-3017,100.0,96,96,0,100.0,4
s_12420-3019,100.0,96,96,0,100.0,4
s_12423-4188,100.0,96,96,0,100.0,4
s_12423-4219,100.0,96,96,0,100.0,4
s_12430-639,100.0,96,96,0,100.0,4
s_12431-1933,100.0,96,96,0,100.0,4
s_1247-10616,100.0,96,96,0,100.0,4
s_1247-12166,100.0,96,96,0,100.0,4
s_1247-1257,100.0,96,96,0,100.0,4
s_1247-9410,100.0,96,96,0,100.0,4
s_125-10958,100.0,96,96,0,100.0,4
s_125-131,100.0,96,96,0,100.0,4
s_125-693,100.0,96,96,0,100.0,4
s_12539-4054,100.0,96,96,0,100.0,4
s_12539-749,100.0,78,78,0,100.0,4
s_1255-11451,100.0,96,96,0,100.0,4
s_1255-1257,100.0,96,96,0,100.0,4
s_1257-1247,100.0,96,96,0,100.0,4
s_1257-1255,100.0,96,96,0,100.0,4
s_1257-1461,100.0,96,96,0,100.0,4
s_1261-1265,100.0,96,96,0,100.0,4
s_1261-8070,100.0,96,96,0,100.0,4
s_12612-7083,100.0,96,96,0,100.0,4
s_12612-7085,100.0,96,96,0,100.0,4
s_12613-12614,100.0,96,96,0,100.0,4
s_12613-9478,100.0,96,96,0,100.0,4
s_12614-1127,100.0,96,96,0,100.0,4
s_12614-12613,100.0,96,96,0,100.0,4
s_12614-30000,100.0,96,96,0,100.0,4
s_12616-401,100.0,96,96,0,100.0,4
s_12616-5894,100.0,96,96,0,100.0,4
s_12619-1095,100.0,96,96,0,100.0,4
s_12619-1983,100.0,96,96,0,100.0,4
s_1265-1261,100.0,96,96,0,100.0,4
s_1265-1273,100.0,96,96,0,100.0,4
s_1265-2271,100.0,96,96,0,100.0,4
s_1273-1265,100.0,96,96,0,100.0,4
s_1273-1277,100.0,96,96,0,100.0,4
s_1273-2273,100.0,96,96,0,100.0,4
s_1277-1273,100.0,96,96,0,100.0,4
s_1277-1283,100.0,96,96,0,100.0,4
s_1277-2247,100.0,96,96,0,100.0,4
s_1283-1277,100.0,96,96,0,100.0,4
s_1283-1285,100.0,96,96,0,100.0,4
s_1285-1283,100.0,96,96,0,100.0,4
s_1285-1287,100.0,96,96,0,100.0,4
s_1285-1573,100.0,96,96,0,100.0,4
s_1287-1285,100.0,96,96,0,100.0,4
s_1287-1595,100.0,96,96,0,100.0,4
s_1287-4102,100.0,96,96,0,100.0,4
s_13-11,100.0,96,96,0,100.0,4
s_13-12119,100.0,96,96,0,100.0,4
s_13-747,100.0,96,96,0,100.0,4
s_13-749,100.0,77,77,0,100.0,4
s_1301-11218,100.0,96,96,0,100.0,4
s_1301-1317,100.0,96,96,0,100.0,4
s_1301-1329,100.0,96,96,0,100.0,4
s_131-10264,100.0,96,96,0,100.0,4
s_131-125,100.0,96,96,0,100.0,4
s_131-135,100.0,96,96,0,100.0,4
s_1317-10582,100.0,96,96,0,100.0,4
s_1317-1301,100.0,96,96,0,100.0,4
s_1321-11430,100.0,96,96,0,100.0,4
s_1321-4002,100.0,96,96,0,100.0,4
s_1321-4039,100.0,95,95,0,100.0,4
s_1329-10807,100.0,96,96,0,100.0,4
s_1329-1301,100.0,96,96,0,100.0,4
s_1337-11218,100.0,96,96,0,100.0,4
s_1337-3698,100.0,96,96,0,100.0,4
s_1339-1341,100.0,96,96,0,100.0,4
s_1339-3698,100.0,96,96,0,100.0,4
s_1339-4212,100.0,96,96,0,100.0,4
s_1341-1339,100.0,96,96,0,100.0,4
s_1341-1343,100.0,96,96,0,100.0,4
s_1341-20000,100.0,96,96,0,100.0,4
s_1343-1341,100.0,96,96,0,100.0,4
s_1343-1345,100.0,96,96,0,100.0,4
s_1345-1201,100.0,96,96,0,100.0,4
s_1345-1343,100.0,96,96,0,100.0,4
s_135-131,100.0,96,96,0,100.0,4
s_135-4184,100.0,96,96,0,100.0,4
s_135-619,100.0,96,96,0,100.0,4
s_1355-12095,100.0,96,96,0,100.0,4
s_1355-3768,100.0,96,96,0,100.0,4
s_1355-4057,100.0,96,96,0,100.0,4
s_1355-4129,100.0,96,96,0,100.0,4
s_1357-12097,100.0,96,96,0,100.0,4
s_1357-1359,100.0,96,96,0,100.0,4
s_1357-9039,100.0,96,96,0,100.0,4
s_1359-1357,100.0,96,96,0,100.0,4
s_1359-3770,100.0,96,96,0,100.0,4
s_1365-2311,100.0,96,96,0,100.0,4
s_1365-3411,100.0,96,96,0,100.0,4
s_1365-8079,100.0,96,96,0,100.0,4
s_1369-8079,100.0,96,96,0,100.0,4
s_1373-10179,100.0,92,92,0,100.0,4
s_1373-10607,100.0,96,96,0,100.0,4
s_1373-3720,100.0,96,96,0,100.0,4
s_1373-9736,100.0,96,96,0,100.0,4
s_1375-1209,100.0,96,96,0,100.0,4
s_1375-1377,100.0,96,96,0,100.0,4
s_1377-1375,100.0,96,96,0,100.0,4
s_1377-1379,100.0,96,96,0,100.0,4
s_1379-12095,100.0,96,96,0,100.0,4
s_1379-1377,100.0,96,96,0,100.0,4
s_1391-1229,100.0,96,96,0,100.0,4
s_1391-4050,100.0,96,96,0,100.0,4
s_1395-1399,100.0,96,96,0,100.0,4
s_1395-9461,100.0,96,96,0,100.0,4
s_1397-12067,100.0,96,96,0,100.0,4
s_1397-1401,100.0,96,96,0,100.0,4
s_1399-12067,100.0,96,96,0,100.0,4
s_1399-1395,100.0,96,96,0,100.0,4
s_1399-8080,100.0,96,96,0,100.0,4
s_1401-1397,100.0,96,96,0,100.0,4
s_1401-3694,100.0,96,96,0,100.0,4
s_1405-11447,100.0,96,96,0,100.0,4
s_1405-3694,100.0,96,96,0,100.0,4
s_1405-9326,100.0,96,96,0,100.0,4
s_1407-1409,100.0,96,96,0,100.0,4
s_1407-3019,100.0,96,96,0,100.0,4
s_1407-4183,100.0,96,96,0,100.0,4
s_1409-1407,100.0,96,96,0,100.0,4
s_1409-1419,100.0,96,96,0,100.0,4
s_1409-1601,100.0,96,96,0,100.0,4
s_1419-1409,100.0,96,96,0,100.0,4
s_1419-1421,100.0,96,96,0,100.0,4
s_1419-1653,100.0,96,96,0,100.0,4
s_1421-1419,100.0,96,96,0,100.0,4
s_1421-1425,100.0,96,96,0,100.0,4
s_1421-1675,100.0,96,96,0,100.0,4
s_1425-1421,100.0,96,96,0,100.0,4
s_1425-1427,100.0,96,96,0,100.0,4
s_1425-2771,100.0,96,96,0,100.0,4
s_1427-1425,100.0,96,96,0,100.0,4
s_1427-1433,100.0,96,96,0,100.0,4
s_1427-2329,100.0,96,96,0,100.0,4
s_1433-1427,100.0,96,96,0,100.0,4
s_1433-1661,100.0,96,96,0,100.0,4
s_1433-1701,100.0,96,96,0,100.0,4
s_1445-3780,100.0,96,96,0,100.0,4
s_1445-9410,100.0,96,96,0,100.0,4
s_1447-1449,100.0,96,96,0,100.0,4
s_1447-3552,100.0,96,96,0,100.0,4
s_1447-3780,100.0,96,96,0,100.0,4
s_1449-11307,100.0,96,96,0,100.0,4
s_1449-11449,100.0,96,96,0,100.0,4
s_1449-1447,100.0,96,96,0,100.0,4
s_1461-11347,100.0,96,96,0,100.0,4
s_1461-1257,100.0,96,96,0,100.0,4
s_1461-1463,100.0,96,96,0,100.0,4
s_1463-1461,100.0,96,96,0,100.0,4
s_1463-1471,100.0,96,96,0,100.0,4
s_1463-2377,100.0,74,74,0,100.0,4
s_1471-1161,100.0,96,96,0,100.0,4
s_1471-1463,100.0,96,96,0,100.0,4
s_1471-1473,100.0,96,96,0,100.0,4
s_1473-1471,100.0,96,96,0,100.0,4
s_1473-2375,100.0,96,96,0,100.0,4
s_1473-8073,100.0,96,96,0,100.0,4
s_1487-11348,100.0,96,96,0,100.0,4
s_1487-11349,100.0,96,96,0,100.0,4
s_149-11894,100.0,96,96,0,100.0,4
s_149-153,100.0,96,96,0,100.0,4
s_149-4225,100.0,96,96,0,100.0,4
s_1505-1516,100.0,96,96,0,100.0,4
s_1505-649,100.0,96,96,0,100.0,4
s_1505-653,100.0,96,96,0,100.0,4
s_1516-1505,100.0,96,96,0,100.0,4
s_1516-483,100.0,96,96,0,100.0,4
s_1527-549,100.0,96,96,0,100.0,4
s_1527-7116,100.0,96,96,0,100.0,4
s_153-149,100.0,96,96,0,100.0,4
s_153-161,100.0,96,96,0,100.0,4
s_153-639,100.0,96,96,0,100.0,4
s_153-857,100.0,96,96,0,100.0,4
s_1573-1285,100.0,96,96,0,100.0,4
s_1573-1587,100.0,96,96,0,100.0,4
s_1587-1573,100.0,96,96,0,100.0,4
s_1587-1593,100.0,96,96,0,100.0,4
s_1587-1663,100.0,96,96,0,100.0,4
s_1589-1592,100.0,96,96,0,100.0,4
s_1589-2247,100.0,96,96,0,100.0,4
s_1589-5655,100.0,96,96,0,100.0,4
s_1592-1589,100.0,96,96,0,100.0,4
s_1592-1595,100.0,96,96,0,100.0,4
s_1593-11350,100.0,96,96,0,100.0,4
s_1593-1587,100.0,96,96,0,100.0,4
s_1593-2311,100.0,96,96,0,100.0,4
s_1595-1287,100.0,96,96,0,100.0,4
s_1595-1592,100.0,96,96,0,100.0,4
s_1601-11351,100.0,96,96,0,100.0,4
s_1601-1409,100.0,96,96,0,100.0,4
s_1601-3018,100.0,96,96,0,100.0,4
s_161-153,100.0,96,96,0,100.0,4
s_161-17,100.0,96,96,0,100.0,4
s_161-1987,100.0,43,43,0,100.0,2
s_1617-1619,100.0,96,96,0,100.0,4
s_1617-4183,100.0,96,96,0,100.0,4
s_1619-1617,100.0,96,96,0,100.0,4
s_1619-1621,100.0,96,96,0,100.0,4
s_1621-10579,100.0,96,96,0,100.0,4
s_1621-1619,100.0,96,96,0,100.0,4
s_1621-1629,100.0,96,96,0,100.0,4
s_1629-1621,100.0,96,96,0,100.0,4
s_1629-1631,100.0,96,96,0,100.0,4
s_1629-2375,100.0,96,96,0,100.0,4
s_1631-1629,100.0,96,96,0,100.0,4
s_1631-2435,100.0,96,96,0,100.0,4
s_1631-8072,100.0,96,96,0,100.0,4
s_1635-11352,100.0,96,96,0,100.0,4
s_1635-3415,100.0,96,96,0,100.0,4
s_1635-8072,100.0,96,96,0,100.0,4
s_1643-11352,100.0,96,96,0,100.0,4
s_1653-10579,100.0,96,96,0,100.0,4
s_1653-1419,100.0,96,96,0,100.0,4
s_1653-1655,100.0,96,96,0,100.0,4
s_1655-1653,100.0,96,96,0,100.0,4
s_1655-1659,100.0,96,96,0,100.0,4
s_1655-2769,100.0,96,96,0,100.0,4
s_1659-1655,100.0,96,96,0,100.0,4
s_1659-1661,100.0,96,96,0,100.0,4
s_1659-2445,100.0,96,96,0,100.0,4
s_1661-1433,100.0,96,96,0,100.0,4
s_1661-1659,100.0,96,96,0,100.0,4
s_1661-1707,100.0,96,96,0,100.0,4
s_1663-1587,100.0,96,96,0,100.0,4
s_1663-1671,100.0,96,96,0,100.0,4
s_1663-1689,100.0,96,96,0,100.0,4
s_1671-1663,100.0,96,96,0,100.0,4
s_1671-1675,100.0,96,96,0,100.0,4
s_1671-1689,100.0,96,96,0,100.0,4
s_1675-1421,100.0,96,96,0,100.0,4
s_1675-1671,100.0,96,96,0,100.0,4
s_1675-2329,100.0,96,96,0,100.0,4
s_1689-1663,100.0,96,96,0,100.0,4
s_1689-1671,100.0,96,96,0,100.0,4
s_1689-1701,100.0,96,96,0,100.0,4
s_17-161,100.0,96,96,0,100.0,4
s_17-19,100.0,96,96,0,100.0,4
s_17-4189,100.0,96,96,0,100.0,4
s_17-9187,100.0,96,96,0,100.0,4
s_1701-1433,100.0,96,96,0,100.0,4
s_1701-1689,100.0,96,96,0,100.0,4
s_1701-2329,100.0,96,96,0,100.0,4
s_1707-12106,100.0,96,96,0,100.0,4
s_1707-1661,100.0,96,96,0,100.0,4
s_1707-2445,100.0,96,96,0,100.0,4
s_1711-12107,100.0,96,96,0,100.0,4
s_1711-1713,100.0,96,96,0,100.0,4
s_1711-2445,100.0,96,96,0,100.0,4
s_1713-11353,100.0,96,96,0,100.0,4
s_1713-1711,100.0,96,96,0,100.0,4
s_1713-1747,100.0,96,96,0,100.0,4
s_1721-11353,100.0,96,96,0,100.0,4
s_1721-11354,100.0,96,96,0,100.0,4
s_1721-1747,100.0,96,96,0,100.0,4
s_1723-11354,100.0,96,96,0,100.0,4
s_1733-1743,100.0,96,96,0,100.0,4
s_1733-2435,100.0,96,96,0,100.0,4
s_1733-3415,100.0,96,96,0,100.0,4
s_1743-11185,100.0,96,96,0,100.0,4
s_1743-1733,100.0,96,96,0,100.0,4
s_1743-1747,100.0,96,96,0,100.0,4
s_1747-1713,100.0,96,96,0,100.0,4
s_1747-1721,100.0,96,96,0,100.0,4
s_1747-1743,100.0,96,96,0,100.0,4
s_1753-3904,100.0,96,96,0,100.0,4
s_1753-665,100.0,96,96,0,100.0,4
s_1755-1757,100.0,96,96,0,100.0,4
s_1757-1755,100.0,96,96,0,100.0,4
s_1757-3930,100.0,96,96,0,100.0,4
s_1757-4243,100.0,96,96,0,100.0,4
s_1763-1767,100.0,96,96,0,100.0,4
s_1763-1811,100.0,96,96,0,100.0,4
s_1763-3582,100.0,96,96,0,100.0,4
s_1767-1763,100.0,96,96,0,100.0,4
s_1767-1779,100.0,96,96,0,100.0,4
s_1767-4076,100.0,96,96,0,100.0,4
s_1770-4076,100.0,96,96,0,100.0,4
s_1779-12353,100.0,96,96,0,100.0,4
s_1779-1767,100.0,96,96,0,100.0,4
s_1779-1781,100.0,96,96,0,100.0,4
s_1781-10928,100.0,96,96,0,100.0,4
s_1781-1779,100.0,96,96,0,100.0,4
s_1781-1783,100.0,96,96,0,100.0,4
s_1783-12353,100.0,96,96,0,100.0,4
s_1783-1781,100.0,96,96,0,100.0,4
s_1783-536,100.0,96,96,0,100.0,4
s_1791-3711,100.0,96,96,0,100.0,4
s_1791-553,100.0,96,96,0,100.0,4
s_1793-1801,100.0,96,96,0,100.0,4
s_1793-3711,100.0,96,96,0,100.0,4
s_1793-5654,100.0,96,96,0,100.0,4
s_1801-12355,100.0,96,96,0,100.0,4
s_1801-1793,100.0,96,96,0,100.0,4
s_1801-573,100.0,96,96,0,100.0,4
s_1811-12353,100.0,96,96,0,100.0,4
s_1811-1763,100.0,96,96,0,100.0,4
s_1811-1819,100.0,96,96,0,100.0,4
s_1819-1811,100.0,96,96,0,100.0,4
s_1819-1823,100.0,96,96,0,100.0,4
s_1823-11355,100.0,96,96,0,100.0,4
s_1823-1819,100.0,96,96,0,100.0,4
s_1841-1843,100.0,96,96,0,100.0,4
s_1841-4217,100.0,96,96,0,100.0,4
s_1843-1841,100.0,96,96,0,100.0,4
s_1843-5654,100.0,96,96,0,100.0,4
s_1843-683,100.0,96,96,0,100.0,4
s_19-17,100.0,96,96,0,100.0,4
s_19-25,100.0,96,96,0,100.0,4
s_19-639,100.0,96,96,0,100.0,4
s_1908-10531,100.0,96,96,0,100.0,4
s_1908-11223,100.0,96,96,0,100.0,4
s_1908-1909,100.0,96,96,0,100.0,4
s_1909-1908,100.0,96,96,0,100.0,4
s_1909-4132,100.0,96,96,0,100.0,4
s_1909-9266,100.0,96,96,0,100.0,4
s_1910-1911,100.0,96,96,0,100.0,4
s_1910-1923,100.0,96,96,0,100.0,4
s_1910-9266,100.0,96,96,0,100.0,4
s_1911-11378,100.0,96,96,0,100.0,4
s_1911-1910,100.0,96,96,0,100.0,4
s_1923-11230,100.0,96,96,0,100.0,4
s_1923-1910,100.0,96,96,0,100.0,4
s_1923-1925,100.0,96,96,0,100.0,4
s_1925-1923,100.0,96,96,0,100.0,4
s_1925-1935,100.0,96,96,0,100.0,4
s_1933-12431,100.0,96,96,0,100.0,4
s_1933-1935,100.0,96,96,0,100.0,4
s_1935-1925,100.0,96,96,0,100.0,4
s_1935-1933,100.0,96,96,0,100.0,4
s_1935-33,100.0,96,96,0,100.0,4
s_1937-10929,100.0,96,96,0,100.0,4
s_1937-1945,100.0,96,96,0,100.0,4
s_1945-11403,100.0,96,96,0,100.0,4
s_1945-1937,100.0,96,96,0,100.0,4
s_1945-4169,100.0,96,96,0,100.0,4
s_1951-1953,100.0,96,96,0,100.0,4
s_1951-3685,100.0,96,96,0,100.0,4
s_1953-1951,100.0,96,96,0,100.0,4
s_1953-1955,100.0,96,96,0,100.0,4
s_1955-11894,100.0,96,96,0,100.0,4
s_1955-1953,100.0,96,96,0,100.0,4
s_1973-7,100.0,96,96,0,100.0,4
s_1973-867,100.0,96,96,0,100.0,4
s_1979-10129,100.0,96,96,0,100.0,4
s_1979-7,100.0,96,96,0,100.0,4
s_1981-12619,100.0,96,96,0,100.0,4
s_1983-10129,100.0,96,96,0,100.0,4
s_1983-12619,100.0,96,96,0,100.0,4
s_1983-2087,100.0,96,96,0,100.0,4
s_1987-161,100.0,44,44,0,100.0,2
s_1987-1995,100.0,96,96,0,100.0,4
s_1995-1987,100.0,96,96,0,100.0,4
s_1995-857,100.0,96,96,0,100.0,4
s_20000-1199,100.0,96,96,0,100.0,4
s_20000-1341,100.0,96,96,0,100.0,4
s_2003-10937,100.0,96,96,0,100.0,4
s_2003-2007,100.0,96,96,0,100.0,4
s_2005-2007,100.0,96,96,0,100.0,4
s_2005-25,100.0,96,96,0,100.0,4
s_2007-2003,100.0,96,96,0,100.0,4
s_2007-2005,100.0,96,96,0,100.0,4
s_2019-3993,100.0,96,96,0,100.0,4
s_2019-4067,100.0,96,96,0,100.0,4
s_2019-4194,100.0,96,96,0,100.0,4
s_2029-4100,100.0,96,96,0,100.0,4
s_2029-4194,100.0,96,96,0,100.0,4
s_2029-9128,100.0,96,96,0,100.0,4
s_2031-4084,100.0,96,96,0,100.0,4
s_2031-4158,100.0,96,96,0,100.0,4
s_2035-2039,100.0,96,96,0,100.0,4
s_2035-4158,100.0,96,96,0,100.0,4
s_2039-2035,100.0,96,96,0,100.0,4
s_2039-2041,100.0,96,96,0,100.0,4
s_2041-2039,100.0,96,96,0,100.0,4
s_2041-773,100.0,96,96,0,100.0,4
s_2041-9730,100.0,96,96,0,100.0,4
s_2043-4021,100.0,96,96,0,100.0,4
s_2043-4095,100.0,96,96,0,100.0,4
s_2043-4135,100.0,96,96,0,100.0,4
s_2043-4195,100.0,96,96,0,100.0,4
s_2047-10552,100.0,96,96,0,100.0,4
s_2047-4127,100.0,96,96,0,100.0,4
s_2047-4220,100.0,96,96,0,100.0,4
s_2049-3437,100.0,96,96,0,100.0,4
s_2049-4220,100.0,96,96,0,100.0,4
s_2055-12351,100.0,96,96,0,100.0,4
s_2055-3544,100.0,96,96,0,100.0,4
s_2055-4196,100.0,96,96,0,100.0,4
s_2057-12245,100.0,96,96,0,100.0,4
s_2057-2059,100.0,96,96,0,100.0,4
s_2057-3544,100.0,96,96,0,100.0,4
s_2059-2057,100.0,96,96,0,100.0,4
s_2059-9689,100.0,96,96,0,100.0,4
s_2061-10633,100.0,96,96,0,100.0,4
s_2061-9689,100.0,96,96,0,100.0,4
s_2063-10633,100.0,96,96,0,100.0,4
s_2063-10799,100.0,96,96,0,100.0,4
s_2063-2603,100.0,96,96,0,100.0,4
s_2085-313,100.0,96,96,0,100.0,4
s_2085-9700,100.0,96,96,0,100.0,4
s_2087-1983,100.0,96,96,0,100.0,4
s_2087-9700,100.0,96,96,0,100.0,4
s_2095-3424,100.0,96,96,0,100.0,4
s_2117-75,100.0,96,96,0,100.0,4
s_2117-9839,100.0,96,96,0,100.0,4
s_2129-2135,100.0,96,96,0,100.0,4
s_2129-4080,100.0,96,96,0,100.0,4
s_2135-2129,100.0,96,96,0,100.0,4
s_2141-11379,100.0,96,96,0,100.0,4
s_2141-11996,100.0,96,96,0,100.0,4
s_2151-2157,100.0,96,96,0,100.0,4
s_2151-2635,100.0,96,96,0,100.0,4
s_2157-11998,100.0,96,96,0,100.0,4
s_2157-2151,100.0,96,96,0,100.0,4
s_2167-10634,100.0,96,96,0,100.0,4
s_2167-2169,100.0,96,96,0,100.0,4
s_2167-4226,100.0,96,96,0,100.0,4
s_2169-1089,100.0,96,96,0,100.0,4
s_2169-2167,100.0,96,96,0,100.0,4
s_2169-3938,100.0,96,96,0,100.0,4
s_2183-12071,100.0,96,96,0,100.0,4
s_2183-361,100.0,74,74,0,100.0,4
s_2205-11427,100.0,96,96,0,100.0,4
s_2205-2223,100.0,96,96,0,100.0,4
s_2205-2229,100.0,96,96,0,100.0,4
s_2213-11416,100.0,96,96,0,100.0,4
s_2213-11417,100.0,96,96,0,100.0,4
s_2221-10438,100.0,96,96,0,100.0,4
s_2221-2223,100.0,96,96,0,100.0,4
s_2221-2239,100.0,96,96,0,100.0,4
s_2223-2205,100.0,96,96,0,100.0,4
s_2223-2221,100.0,96,96,0,100.0,4
s_2229-1087,100.0,96,96,0,100.0,4
s_2229-2205,100.0,96,96,0,100.0,4
s_2239-2221,100.0,96,96,0,100.0,4
s_2247-1277,100.0,96,96,0,100.0,4
s_2247-1589,100.0,96,96,0,100.0,4
s_2251-9306,100.0,96,96,0,100.0,4
s_2264-11429,100.0,96,96,0,100.0,4
s_2264-2265,100.0,96,96,0,100.0,4
s_2264-401,100.0,96,96,0,100.0,4
s_2265-2264,100.0,96,96,0,100.0,4
s_2265-8033,100.0,96,96,0,100.0,4
s_2271-1059,100.0,96,96,0,100.0,4
s_2271-1265,100.0,96,96,0,100.0,4
s_2271-5655,100.0,96,96,0,100.0,4
s_2273-1131,100.0,96,96,0,100.0,4
s_2273-1273,100.0,96,96,0,100.0,4
s_2311-1139,100.0,96,96,0,100.0,4
s_2311-1365,100.0,96,96,0,100.0,4
s_2311-1593,100.0,96,96,0,100.0,4
s_2324-11438,100.0,96,96,0,100.0,4
s_2324-2325,100.0,96,96,0,100.0,4
s_2325-2324,100.0,96,96,0,100.0,4
s_2325-3903,100.0,96,96,0,100.0,4
s_2325-4060,100.0,96,96,0,100.0,4
s_2327-11441,100.0,96,96,0,100.0,4
s_2327-11442,100.0,96,96,0,100.0,4
s_2329-1427,100.0,96,96,0,100.0,4
s_2329-1675,100.0,96,96,0,100.0,4
s_2329-1701,100.0,96,96,0,100.0,4
s_2331-11447,100.0,96,96,0,100.0,4
s_2331-11448,100.0,96,96,0,100.0,4
s_2335-11448,100.0,96,96,0,100.0,4
s_2335-11449,100.0,96,96,0,100.0,4
s_2375-1473,100.0,96,96,0,100.0,4
s_2375-1629,100.0,96,96,0,100.0,4
s_2375-2377,100.0,96,96,0,100.0,4
s_2377-1463,100.0,96,96,0,100.0,4
s_2377-2375,100.0,96,96,0,100.0,4
s_2377-2387,100.0,96,96,0,100.0,4
s_2387-2377,100.0,96,96,0,100.0,4
s_2429-10579,100.0,96,96,0,100.0,4
s_2429-2435,100.0,96,96,0,100.0,4
s_2429-2445,100.0,96,96,0,100.0,4
s_2435-1631,100.0,96,96,0,100.0,4
s_2435-1733,100.0,96,96,0,100.0,4
s_2435-2429,100.0,96,96,0,100.0,4
s_2445-1659,100.0,96,96,0,100.0,4
s_2445-1707,100.0,96,96,0,100.0,4
s_2445-1711,100.0,96,96,0,100.0,4
s_2445-2429,100.0,96,96,0,100.0,4
s_2493-10407,100.0,96,96,0,100.0,4
s_2493-591,100.0,96,96,0,100.0,4
s_25-19,100.0,96,96,0,100.0,4
s_25-2005,100.0,96,96,0,100.0,4
s_25-31,100.0,96,96,0,100.0,4
s_257-263,100.0,96,96,0,100.0,4
s_2603-11731,100.0,96,96,0,100.0,4
s_2603-2063,100.0,96,96,0,100.0,4
s_263-257,100.0,96,96,0,100.0,4
s_263-271,100.0,96,96,0,100.0,4
s_263-3710,100.0,96,96,0,100.0,4
s_2635-2151,100.0,96,96,0,100.0,4
s_2635-945,100.0,96,96,0,100.0,4
s_2709-4212,100.0,96,96,0,100.0,4
s_271-263,100.0,96,96,0,100.0,4
s_271-3003,100.0,96,96,0,100.0,4
s_2769-1655,100.0,96,96,0,100.0,4
s_2769-2771,100.0,96,96,0,100.0,4
s_2771-1425,100.0,96,96,0,100.0,4
s_2771-2769,100.0,96,96,0,100.0,4
s_279-3003,100.0,96,96,0,100.0,4
s_279-565,100.0,96,96,0,100.0,4
s_279-99,100.0,96,96,0,100.0,4
s_283-105,100.0,96,96,0,100.0,4
s_283-10608,100.0,96,96,0,100.0,4
s_283-287,100.0,96,96,0,100.0,4
s_287-12100,100.0,96,96,0,100.0,4
s_287-283,100.0,96,96,0,100.0,4
s_287-295,100.0,96,96,0,100.0,4
s_295-287,100.0,96,96,0,100.0,4
s_295-3944,100.0,96,96,0,100.0,4
s_297-299,100.0,96,96,0,100.0,4
s_297-301,100.0,96,96,0,100.0,4
s_297-3944,100.0,96,96,0,100.0,4
s_299-297,100.0,96,96,0,100.0,4
s_299-301,100.0,96,96,0,100.0,4
s_299-811,100.0,96,96,0,100.0,4
s_299-817,100.0,96,96,0,100.0,4
s_30000-1131,100.0,96,96,0,100.0,4
s_30000-12614,100.0,96,96,0,100.0,4
s_3003-271,100.0,96,96,0,100.0,4
s_3003-279,100.0,96,96,0,100.0,4
s_301-10647,100.0,96,96,0,100.0,4
s_301-297,100.0,96,96,0,100.0,4
s_301-299,100.0,96,96,0,100.0,4
s_301-799,100.0,96,96,0,100.0,4
s_3010-3898,100.0,96,96,0,100.0,4
s_3010-4111,100.0,96,96,0,100.0,4
s_3011-11292,100.0,96,96,0,100.0,4
s_3011-727,100.0,96,96,0,100.0,4
s_3013-743,100.0,96,96,0,100.0,4
s_3013-9419,100.0,96,96,0,100.0,4
s_3017-11443,100.0,96,96,0,100.0,4
s_3017-1149,100.0,96,96,0,100.0,4
s_3017-12420,100.0,96,96,0,100.0,4
s_3018-11445,100.0,96,96,0,100.0,4
s_3018-1601,100.0,96,96,0,100.0,4
s_3019-1159,100.0,96,96,0,100.0,4
s_3019-12420,100.0,96,96,0,100.0,4
s_3019-1407,100.0,96,96,0,100.0,4
s_3026-11230,100.0,96,96,0,100.0,4
s_303-10647,100.0,96,96,0,100.0,4
s_303-4099,100.0,96,96,0,100.0,4
s_307-309,100.0,96,96,0,100.0,4
s_307-4049,100.0,96,96,0,100.0,4
s_307-4177,100.0,96,96,0,100.0,4
s_309-307,100.0,96,96,0,100.0,4
s_309-4178,100.0,96,96,0,100.0,4
s_31-10058,100.0,96,96,0,100.0,4
s_31-25,100.0,96,96,0,100.0,4
s_311-12341,100.0,96,96,0,100.0,4
s_311-4178,100.0,96,96,0,100.0,4
s_311-5,100.0,96,96,0,100.0,4
s_311-867,100.0,96,96,0,100.0,4
s_313-2085,100.0,96,96,0,100.0,4
s_313-315,100.0,96,96,0,100.0,4
s_313-3928,100.0,96,96,0,100.0,4
s_313-5,100.0,96,96,0,100.0,4
s_315-313,100.0,96,96,0,100.0,4
s_315-317,100.0,96,96,0,100.0,4
s_317-315,100.0,96,96,0,100.0,4
s_317-319,100.0,96,96,0,100.0,4
s_317-3478,100.0,96,96,0,100.0,4
s_319-317,100.0,96,96,0,100.0,4
s_319-321,100.0,96,96,0,100.0,4
s_321-319,100.0,96,96,0,100.0,4
s_321-9537,100.0,96,96,0,100.0,4
s_323-4083,100.0,96,96,0,100.0,4
s_323-4112,100.0,96,96,0,100.0,4
s_323-481,100.0,96,96,0,100.0,4
s_323-9537,100.0,96,96,0,100.0,4
s_325-327,100.0,96,96,0,100.0,4
s_325-4112,100.0,96,96,0,100.0,4
s_325-4115,100.0,96,96,0,100.0,4
s_327-325,100.0,96,96,0,100.0,4
s_327-331,100.0,96,96,0,100.0,4
s_33-1935,100.0,96,96,0,100.0,4
s_331-327,100.0,96,96,0,100.0,4
s_331-332,100.0,96,96,0,100.0,4
s_332-10502,100.0,96,96,0,100.0,4
s_332-331,100.0,96,96,0,100.0,4
s_332-333,100.0,96,96,0,100.0,4
s_333-332,100.0,96,96,0,100.0,4
s_333-335,100.0,96,96,0,100.0,4
s_335-11224,100.0,96,96,0,100.0,4
s_335-333,100.0,96,96,0,100.0,4
s_335-337,100.0,96,96,0,100.0,4
s_335-9839,100.0,96,96,0,100.0,4
s_337-335,100.0,96,96,0,100.0,4
s_337-339,100.0,96,96,0,100.0,4
s_339-337,100.0,96,96,0,100.0,4
s_339-343,100.0,96,96,0,100.0,4
s_3403-11983,100.0,96,96,0,100.0,4
s_3403-4066,100.0,96,96,0,100.0,4
s_3408-4179,100.0,85,85,0,100.0,4
s_3408-583,100.0,96,96,0,100.0,4
s_3411-1147,100.0,96,96,0,100.0,4
s_3411-1365,100.0,96,96,0,100.0,4
s_3415-1635,100.0,96,96,0,100.0,4
s_3415-1733,100.0,96,96,0,100.0,4
s_3424-2095,100.0,96,96,0,100.0,4
s_3424-757,100.0,96,96,0,100.0,4
s_3426-3552,100.0,96,96,0,100.0,4
s_3426-9327,100.0,96,96,0,100.0,4
s_343-339,100.0,96,96,0,100.0,4
s_343-345,100.0,96,96,0,100.0,4
s_3437-10957,100.0,96,96,0,100.0,4
s_3437-2049,100.0,96,96,0,100.0,4
s_3437-889,100.0,96,96,0,100.0,4
s_345-343,100.0,96,96,0,100.0,4
s_345-353,100.0,96,96,0,100.0,4
s_345-929,100.0,96,96,0,100.0,4
s_345-933,100.0,96,96,0,100.0,4
s_3461-863,100.0,96,96,0,100.0,4
s_3461-9674,100.0,96,96,0,100.0,4
s_3478-317,100.0,96,96,0,100.0,4
s_3478-9175,100.0,96,96,0,100.0,4
s_3498-12354,100.0,96,96,0,100.0,4
s_3498-3542,100.0,96,96,0,100.0,4
s_353-345,100.0,96,96,0,100.0,4
s_353-357,100.0,96,96,0,100.0,4
s_3539-3904,100.0,96,96,0,100.0,4
s_3539-497,100.0,96,96,0,100.0,4
s_3542-10701,100.0,96,96,0,100.0,4
s_3542-3498,100.0,96,96,0,100.0,4
s_3542-4229,100.0,96,96,0,100.0,4
s_3544-2055,100.0,96,96,0,100.0,4
s_3544-2057,100.0,96,96,0,100.0,4
s_3545-11446,100.0,96,96,0,100.0,4
s_3545-9327,100.0,96,96,0,100.0,4
s_3552-1447,100.0,96,96,0,100.0,4
s_3552-3426,100.0,96,96,0,100.0,4
s_3560-745,100.0,96,96,0,100.0,4
s_3560-746,100.0,96,96,0,100.0,4
s_3564-10537,100.0,96,96,0,100.0,4
s_3564-4251,100.0,96,96,0,100.0,4
s_357-353,100.0,96,96,0,100.0,4
s_357-361,100.0,96,96,0,100.0,4
s_3582-1763,100.0,96,96,0,100.0,4
s_3582-669,100.0,96,96,0,100.0,4
s_3588-1215,100.0,96,96,0,100.0,4
s_3588-1217,100.0,96,96,0,100.0,4
s_3589-4036,100.0,96,96,0,100.0,4
s_3589-4054,100.0,96,96,0,100.0,4
s_3589-4100,100.0,96,96,0,100.0,4
s_361-2183,100.0,73,73,0,100.0,4
s_361-357,100.0,96,96,0,100.0,4
s_361-9986,100.0,96,96,0,100.0,4
s_3613-483,100.0,96,96,0,100.0,4
s_3613-549,100.0,96,96,0,100.0,4
s_3624-10808,100.0,96,96,0,100.0,4
s_3624-4065,100.0,96,96,0,100.0,4
s_365-367,100.0,96,96,0,100.0,4
s_365-9131,100.0,96,96,0,100.0,4
s_3655-10575,100.0,96,96,0,100.0,4
s_3655-963,100.0,96,96,0,100.0,4
s_3660-12162,100.0,96,96,0,100.0,4
s_3660-459,100.0,96,96,0,100.0,4
s_3667-10054,100.0,96,96,0,100.0,4
s_3667-381,100.0,96,96,0,100.0,4
s_367-12239,100.0,96,96,0,100.0,4
s_367-365,100.0,96,96,0,100.0,4
s_367-369,100.0,96,96,0,100.0,4
s_367-91,100.0,96,96,0,100.0,4
s_3685-1951,100.0,96,96,0,100.0,4
s_3685-727,100.0,96,96,0,100.0,4
s_369-11426,100.0,96,96,0,100.0,4
s_369-11427,100.0,96,96,0,100.0,4
s_369-367,100.0,96,96,0,100.0,4
s_369-371,100.0,96,96,0,100.0,4
s_3691-8017,100.0,96,96,0,100.0,4
s_3691-877,100.0,96,96,0,100.0,4
s_3692-12346,100.0,96,96,0,100.0,4
s_3692-9419,100.0,96,96,0,100.0,4
s_3694-1401,100.0,96,96,0,100.0,4
s_3694-1405,100.0,96,96,0,100.0,4
s_3698-10488,100.0,96,96,0,100.0,4
s_3698-1337,100.0,96,96,0,100.0,4
s_3698-1339,100.0,96,96,0,100.0,4
s_3698-4057,100.0,96,96,0,100.0,4
s_371-369,100.0,96,96,0,100.0,4
s_371-373,100.0,96,96,0,100.0,4
s_3710-10700,100.0,96,96,0,100.0,4
s_3710-263,100.0,96,96,0,100.0,4
s_3711-1791,100.0,96,96,0,100.0,4
s_3711-1793,100.0,96,96,0,100.0,4
s_3720-1211,100.0,96,96,0,100.0,4
s_3720-1373,100.0,96,96,0,100.0,4
s_373-11418,100.0,96,96,0,100.0,4
s_373-371,100.0,96,96,0,100.0,4
s_373-375,100.0,96,96,0,100.0,4
s_375-373,100.0,96,96,0,100.0,4
s_375-379,100.0,96,96,0,100.0,4
s_3765-475,100.0,96,96,0,100.0,4
s_3768-1355,100.0,96,96,0,100.0,4
s_3768-9039,100.0,96,96,0,100.0,4
s_3770-1147,100.0,96,96,0,100.0,4
s_3770-1359,100.0,96,96,0,100.0,4
s_3772-10398,100.0,96,96,0,100.0,4
s_3772-1227,100.0,96,96,0,100.0,4
s_3780-1445,100.0,96,96,0,100.0,4
s_3780-1447,100.0,96,96,0,100.0,4
s_379-375,100.0,96,96,0,100.0,4
s_379-381,100.0,96,96,0,100.0,4
s_381-1191,100.0,96,96,0,100.0,4
s_381-3667,100.0,96,96,0,100.0,4
s_381-379,100.0,96,96,0,100.0,4
s_381-93,100.0,96,96,0,100.0,4
s_3840-1203,100.0,96,96,0,100.0,4
s_3842-11440,100.0,96,96,0,100.0,4
s_3842-11441,100.0,96,96,0,100.0,4
s_3842-9326,100.0,96,96,0,100.0,4
s_3856-10697,100.0,96,96,0,100.0,4
s_3856-119,100.0,96,96,0,100.0,4
s_3898-3010,100.0,96,96,0,100.0,4
s_3898-3904,100.0,96,96,0,100.0,4
s_3898-9963,100.0,96,96,0,100.0,4
s_39-11044,100.0,96,96,0,100.0,4
s_39-12244,100.0,96,96,0,100.0,4
s_3903-11439,100.0,96,96,0,100.0,4
s_3903-2325,100.0,96,96,0,100.0,4
s_3903-4107,100.0,96,96,0,100.0,4
s_3904-1753,100.0,96,96,0,100.0,4
s_3904-3539,100.0,96,96,0,100.0,4
s_3904-3898,100.0,96,96,0,100.0,4
s_3906-10028,100.0,96,96,0,100.0,4
s_3907-3931,100.0,96,96,0,100.0,4
s_3907-4109,100.0,96,96,0,100.0,4
s_3907-665,100.0,96,96,0,100.0,4
s_3919-12354,100.0,96,96,0,100.0,4
s_3919-9798,100.0,96,96,0,100.0,4
s_3919-9998,100.0,96,96,0,100.0,4
s_3928-313,100.0,96,96,0,100.0,4
s_3930-1757,100.0,96,96,0,100.0,4
s_3931-3907,100.0,96,96,0,100.0,4
s_3931-655,100.0,96,96,0,100.0,4
s_3933-12166,100.0,96,96,0,100.0,4
s_3933-1233,100.0,96,96,0,100.0,4
s_3938-1093,100.0,96,96,0,100.0,4
s_3938-11365,100.0,96,96,0,100.0,4
s_3938-2169,100.0,96,96,0,100.0,4
s_3944-295,100.0,96,96,0,100.0,4
s_3944-297,100.0,96,96,0,100.0,4
s_3946-495,100.0,96,96,0,100.0,4
s_3946-497,100.0,96,96,0,100.0,4
s_3973-4104,100.0,96,96,0,100.0,4
s_3973-889,100.0,96,96,0,100.0,4
s_3974-10689,100.0,96,96,0,100.0,4
s_3974-543,100.0,96,96,0,100.0,4
s_399-10054,100.0,96,96,0,100.0,4
s_399-401,100.0,96,96,0,100.0,4
s_399-95,100.0,96,96,0,100.0,4
s_3993-12119,100.0,96,96,0,100.0,4
s_3993-12291,100.0,96,96,0,100.0,4
s_3993-2019,100.0,96,96,0,100.0,4
s_3993-745,100.0,96,96,0,100.0,4
s_4002-1321,100.0,96,96,0,100.0,4
s_4002-4003,100.0,96,96,0,100.0,4
s_4003-1077,100.0,96,96,0,100.0,4
s_4003-10809,100.0,96,96,0,100.0,4
s_4003-4002,100.0,96,96,0,100.0,4
s_401-12616,100.0,96,96,0,100.0,4
s_401-2264,100.0,96,96,0,100.0,4
s_401-399,100.0,96,96,0,100.0,4
s_4021-2043,100.0,96,96,0,100.0,4
s_4021-4083,100.0,96,96,0,100.0,4
s_4021-775,100.0,96,96,0,100.0,4
s_4021-779,100.0,96,96,0,100.0,4
s_4031-1109,100.0,96,96,0,100.0,4
s_4031-1113,100.0,96,96,0,100.0,4
s_4035-11982,100.0,96,96,0,100.0,4
s_4035-411,100.0,96,96,0,100.0,4
s_4036-11391,100.0,96,96,0,100.0,4
s_4036-3589,100.0,96,96,0,100.0,4
s_4036-4084,100.0,96,96,0,100.0,4
s_4037-4141,100.0,96,96,0,100.0,4
s_4037-497,100.0,96,96,0,100.0,4
s_4037-9995,100.0,96,96,0,100.0,4
s_4039-1321,100.0,96,96,0,100.0,4
s_4039-4065,100.0,96,96,0,100.0,4
s_4043-4049,100.0,96,96,0,100.0,4
s_4043-4186,100.0,96,96,0,100.0,4
s_4048-12162,100.0,96,96,0,100.0,4
s_4048-4050,100.0,96,96,0,100.0,4
s_4049-307,100.0,96,96,0,100.0,4
s_4049-4043,100.0,96,96,0,100.0,4
s_4049-4177,100.0,96,96,0,100.0,4
s_4049-831,100.0,96,96,0,100.0,4
s_4050-1391,100.0,96,96,0,100.0,4
s_4050-4048,100.0,96,96,0,100.0,4
s_4050-4066,100.0,96,96,0,100.0,4
s_4052-10525,100.0,96,96,0,100.0,4
s_4052-1233,100.0,96,96,0,100.0,4
s_4054-12539,100.0,96,96,0,100.0,4
s_4054-3589,100.0,96,96,0,100.0,4
s_4054-755,100.0,96,96,0,100.0,4
s_4055-12095,100.0,96,96,0,100.0,4
s_4055-4233,100.0,96,96,0,100.0,4
s_4056-10034,100.0,96,96,0,100.0,4
s_4056-541,100.0,96,96,0,100.0,4
s_4057-1355,100.0,96,96,0,100.0,4
s_4057-3698,100.0,96,96,0,100.0,4
s_4059-481,100.0,96,96,0,100.0,4
s_4059-57,100.0,96,96,0,100.0,4
s_4059-8057,100.0,96,96,0,100.0,4
s_4059-8059,100.0,96,96,0,100.0,4
s_4060-11437,100.0,96,96,0,100.0,4
s_4060-2325,100.0,96,96,0,100.0,4
s_4060-4233,100.0,96,96,0,100.0,4
s_4061-10408,100.0,96,96,0,100.0,4
s_4063-10269,100.0,96,96,0,100.0,4
s_4063-4111,100.0,96,96,0,100.0,4
s_4063-4141,100.0,96,96,0,100.0,4
s_4063-503,100.0,96,96,0,100.0,4
s_4064-12285,100.0,96,96,0,100.0,4
s_4064-503,100.0,95,95,0,100.0,4
s_4065-3624,100.0,96,96,0,100.0,4
s_4065-4039,100.0,96,96,0,100.0,4
s_4065-4081,100.0,96,96,0,100.0,4
s_4066-3403,100.0,96,96,0,100.0,4
s_4066-4050,100.0,96,96,0,100.0,4
s_4067-12119,100.0,96,96,0,100.0,4
s_4067-2019,100.0,96,96,0,100.0,4
s_4067-9127,100.0,96,96,0,100.0,4
s_4071-11385,100.0,96,96,0,100.0,4
s_4071-4133,100.0,96,96,0,100.0,4
s_4071-9127,100.0,96,96,0,100.0,4
s_4074-11289,100.0,96,96,0,100.0,4
s_4074-652,100.0,96,96,0,100.0,4
s_4076-10927,100.0,96,96,0,100.0,4
s_4076-1767,100.0,96,96,0,100.0,4
s_4076-1770,100.0,96,96,0,100.0,4
s_4080-11224,100.0,96,96,0,100.0,4
s_4080-2129,100.0,96,96,0,100.0,4
s_4080-4171,100.0,96,96,0,100.0,4
s_4081-11430,100.0,96,96,0,100.0,4
s_4081-4065,100.0,96,96,0,100.0,4
s_4081-4129,100.0,96,96,0,100.0,4
s_4082-10807,100.0,96,96,0,100.0,4
s_4082-11305,100.0,96,96,0,100.0,4
s_4083-323,100.0,96,96,0,100.0,4
s_4083-4021,100.0,96,96,0,100.0,4
s_4084-2031,100.0,96,96,0,100.0,4
s_4084-4036,100.0,96,96,0,100.0,4
s_4095-11232,100.0,96,96,0,100.0,4
s_4095-2043,100.0,96,96,0,100.0,4
s_4099-303,100.0,96,96,0,100.0,4
s_4099-4177,100.0,96,96,0,100.0,4
s_4099-9378,100.0,96,96,0,100.0,4
s_4100-2029,100.0,96,96,0,100.0,4
s_4100-3589,100.0,96,96,0,100.0,4
s_4102-1287,100.0,96,96,0,100.0,4
s_4104-3973,100.0,96,96,0,100.0,4
s_4104-4198,100.0,96,96,0,100.0,4
s_4107-3903,100.0,96,96,0,100.0,4
s_4107-8080,100.0,96,96,0,100.0,4
s_4109-3907,100.0,96,96,0,100.0,4
s_411-4035,100.0,96,96,0,100.0,4
s_411-5894,100.0,96,96,0,100.0,4
s_4111-3010,100.0,96,96,0,100.0,4
s_4111-4063,100.0,96,96,0,100.0,4
s_4111-503,100.0,96,96,0,100.0,4
s_4112-10293,100.0,96,96,0,100.0,4
s_4112-323,100.0,96,96,0,100.0,4
s_4112-325,100.0,96,96,0,100.0,4
s_4112-4115,100.0,96,96,0,100.0,4
s_4115-10295,100.0,96,96,0,100.0,4
s_4115-325,100.0,96,96,0,100.0,4
s_4115-4112,100.0,96,96,0,100.0,4
s_4115-9129,100.0,96,96,0,100.0,4
s_4125-11386,100.0,96,96,0,100.0,4
s_4125-4127,100.0,96,96,0,100.0,4
s_4127-2047,100.0,96,96,0,100.0,4
s_4127-4125,100.0,96,96,0,100.0,4
s_4128-4198,100.0,96,96,0,100.0,4
s_4128-779,100.0,96,96,0,100.0,4
s_4129-1355,100.0,96,96,0,100.0,4
s_4129-4081,100.0,96,96,0,100.0,4
s_4131-11403,100.0,96,96,0,100.0,4
s_4131-727,100.0,96,96,0,100.0,4
s_4132-1909,100.0,96,96,0,100.0,4
s_4132-9427,100.0,96,96,0,100.0,4
s_4133-4071,100.0,96,96,0,100.0,4
s_4133-7198,100.0,96,96,0,100.0,4
s_4135-10073,100.0,96,96,0,100.0,4
s_4135-2043,100.0,96,96,0,100.0,4
s_4135-4158,100.0,96,96,0,100.0,4
s_4135-4194,100.0,96,96,0,100.0,4
s_4140-619,100.0,96,96,0,100.0,4
s_4140-9797,100.0,96,96,0,100.0,4
s_4141-4037,100.0,96,96,0,100.0,4
s_4141-4063,100.0,96,96,0,100.0,4
s_4142-1165,100.0,96,96,0,100.0,4
s_4143-10187,100.0,96,96,0,100.0,4
s_4143-1205,100.0,96,96,0,100.0,4
s_4158-2031,100.0,96,96,0,100.0,4
s_4158-2035,100.0,96,96,0,100.0,4
s_4158-4135,100.0,96,96,0,100.0,4
s_4169-1945,100.0,96,96,0,100.0,4
s_4169-9333,100.0,96,96,0,100.0,4
s_4171-4080,100.0,96,96,0,100.0,4
s_4171-4172,100.0,96,96,0,100.0,4
s_4172-4171,100.0,96,96,0,100.0,4
s_4172-4173,100.0,96,96,0,100.0,4
s_4173-11414,100.0,96,96,0,100.0,4
s_4173-4172,100.0,96,96,0,100.0,4
s_4175-10408,100.0,96,96,0,100.0,4
s_4175-10791,100.0,96,96,0,100.0,4
s_4175-541,100.0,96,96,0,100.0,4
s_4177-307,100.0,96,96,0,100.0,4
s_4177-4049,100.0,96,96,0,100.0,4
s_4177-4099,100.0,96,96,0,100.0,4
s_4177-4185,100.0,96,96,0,100.0,4
s_4178-309,100.0,96,96,0,100.0,4
s_4178-311,100.0,96,96,0,100.0,4
s_4179-3408,100.0,96,96,0,100.0,4
s_4179-4184,100.0,96,96,0,100.0,4
s_4179-591,100.0,96,96,0,100.0,4
s_4179-9388,100.0,96,96,0,100.0,4
s_4180-629,100.0,96,96,0,100.0,4
s_4180-9797,100.0,96,96,0,100.0,4
s_4181-10634,100.0,96,96,0,100.0,4
s_4181-11415,100.0,96,96,0,100.0,4
s_4181-11998,100.0,96,96,0,100.0,4
s_4183-1407,100.0,96,96,0,100.0,4
s_4183-1617,100.0,96,96,0,100.0,4
s_4183-8073,100.0,96,96,0,100.0,4
s_4184-135,100.0,96,96,0,100.0,4
s_4184-4179,100.0,96,96,0,100.0,4
s_4184-4224,100.0,96,96,0,100.0,4
s_4184-4225,100.0,96,96,0,100.0,4
s_4185-4177,100.0,96,96,0,100.0,4
s_4185-9378,100.0,96,96,0,100.0,4
s_4186-10319,100.0,96,96,0,100.0,4
s_4186-11225,100.0,96,96,0,100.0,4
s_4186-4043,100.0,96,96,0,100.0,4
s_4186-9802,100.0,96,96,0,100.0,4
s_4188-12423,100.0,96,96,0,100.0,4
s_4188-4189,100.0,96,96,0,100.0,4
s_4188-4193,100.0,96,96,0,100.0,4
s_4188-4224,100.0,96,96,0,100.0,4
s_4188-743,100.0,96,96,0,100.0,4
s_4188-857,100.0,96,96,0,100.0,4
s_4189-11382,100.0,96,96,0,100.0,4
s_4189-17,100.0,96,96,0,100.0,4
s_4189-4188,100.0,96,96,0,100.0,4
s_4189-4193,100.0,96,96,0,100.0,4
s_4193-12291,100.0,96,96,0,100.0,4
s_4193-4188,100.0,96,96,0,100.0,4
s_4193-4189,100.0,96,96,0,100.0,4
s_4194-12119,100.0,96,96,0,100.0,4
s_4194-12291,100.0,96,96,0,100.0,4
s_4194-2019,100.0,96,96,0,100.0,4
s_4194-2029,100.0,96,96,0,100.0,4
s_4194-4135,100.0,96,96,0,100.0,4
s_4195-2043,100.0,96,96,0,100.0,4
s_4195-4196,100.0,96,96,0,100.0,4
s_4195-4220,100.0,96,96,0,100.0,4
s_4196-12099,100.0,96,96,0,100.0,4
s_4196-2055,100.0,96,96,0,100.0,4
s_4196-4195,100.0,96,96,0,100.0,4
s_4196-4197,100.0,96,96,0,100.0,4
s_4197-4196,100.0,96,96,0,100.0,4
s_4197-4204,100.0,96,96,0,100.0,4
s_4197-945,100.0,96,96,0,100.0,4
s_4198-10178,100.0,96,96,0,100.0,4
s_4198-4104,100.0,96,96,0,100.0,4
s_4198-4128,100.0,96,96,0,100.0,4
s_4198-4220,100.0,96,96,0,100.0,4
s_4203-1093,100.0,96,96,0,100.0,4
s_4203-1099,100.0,96,96,0,100.0,4
s_4203-4204,100.0,96,96,0,100.0,4
s_4203-9387,100.0,96,96,0,100.0,4
s_4204-10781,100.0,96,96,0,100.0,4
s_4204-4197,100.0,96,96,0,100.0,4
s_4204-4203,100.0,96,96,0,100.0,4
s_4204-4226,100.0,96,96,0,100.0,4
s_4205-10233,100.0,96,96,0,100.0,4
s_4205-10793,100.0,96,96,0,100.0,4
s_4205-11288,100.0,96,96,0,100.0,4
s_4205-11981,100.0,96,96,0,100.0,4
s_4212-10186,100.0,96,96,0,100.0,4
s_4212-1339,100.0,96,96,0,100.0,4
s_4212-2709,100.0,96,96,0,100.0,4
s_4216-11348,100.0,96,96,0,100.0,4
s_4217-1841,100.0,96,96,0,100.0,4
s_4217-509,100.0,96,96,0,100.0,4
s_4218-541,100.0,96,96,0,100.0,4
s_4218-9158,100.0,96,96,0,100.0,4
s_4219-11225,100.0,96,96,0,100.0,4
s_4219-12423,100.0,96,96,0,100.0,4
s_4219-737,100.0,96,96,0,100.0,4
s_4219-9702,100.0,96,96,0,100.0,4
s_4220-2047,100.0,96,96,0,100.0,4
s_4220-2049,100.0,96,96,0,100.0,4
s_4220-4195,100.0,96,96,0,100.0,4
s_4220-4198,100.0,96,96,0,100.0,4
s_4223-10264,100.0,96,96,0,100.0,4
s_4223-4224,100.0,96,96,0,100.0,4
s_4223-811,100.0,96,96,0,100.0,4
s_4223-9157,100.0,96,96,0,100.0,4
s_4224-4184,100.0,96,96,0,100.0,4
s_4224-4188,100.0,96,96,0,100.0,4
s_4224-4223,100.0,96,96,0,100.0,4
s_4224-4225,100.0,96,96,0,100.0,4
s_4225-149,100.0,96,96,0,100.0,4
s_4225-4184,100.0,96,96,0,100.0,4
s_4225-4224,100.0,96,96,0,100.0,4
s_4226-12071,100.0,96,96,0,100.0,4
s_4226-2167,100.0,96,96,0,100.0,4
s_4226-4204,100.0,96,96,0,100.0,4
s_4226-9987,100.0,96,96,0,100.0,4
s_4228-537,100.0,96,96,0,100.0,4
s_4229-3542,100.0,96,96,0,100.0,4
s_4229-543,100.0,96,96,0,100.0,4
s_4233-4055,100.0,96,96,0,100.0,4
s_4233-4060,100.0,96,96,0,100.0,4
s_4243-1757,100.0,96,96,0,100.0,4
s_4243-491,100.0,96,96,0,100.0,4
s_4245-7090,100.0,96,96,0,100.0,4
s_4251-10034,100.0,96,96,0,100.0,4
s_4251-10537,100.0,96,96,0,100.0,4
s_4251-10703,100.0,96,96,0,100.0,4
s_4251-3564,100.0,96,96,0,100.0,4
s_435-9736,100.0,96,96,0,100.0,4
s_459-11306,100.0,96,96,0,100.0,4
s_459-12185,100.0,96,96,0,100.0,4
s_459-3660,100.0,96,96,0,100.0,4
s_468-12185,100.0,96,96,0,100.0,4
s_468-475,100.0,96,96,0,100.0,4
s_475-11451,100.0,96,96,0,100.0,4
s_475-3765,100.0,96,96,0,100.0,4
s_475-468,100.0,96,96,0,100.0,4
s_481-323,100.0,96,96,0,100.0,4
s_481-4059,100.0,96,96,0,100.0,4
s_483-1516,100.0,96,96,0,100.0,4
s_483-3613,100.0,96,96,0,100.0,4
s_483-487,100.0,96,96,0,100.0,4
s_487-483,100.0,96,96,0,100.0,4
s_487-491,100.0,96,96,0,100.0,4
s_487-547,100.0,96,96,0,100.0,4
s_491-4243,100.0,96,96,0,100.0,4
s_491-487,100.0,96,96,0,100.0,4
s_491-495,100.0,96,96,0,100.0,4
s_495-3946,100.0,96,96,0,100.0,4
s_495-491,100.0,96,96,0,100.0,4
s_497-3539,100.0,96,96,0,100.0,4
s_497-3946,100.0,96,96,0,100.0,4
s_497-4037,100.0,96,96,0,100.0,4
s_5-1,100.0,96,96,0,100.0,4
s_5-311,100.0,96,96,0,100.0,4
s_5-313,100.0,96,96,0,100.0,4
s_5-7,100.0,96,96,0,100.0,4
s_503-4063,100.0,96,96,0,100.0,4
s_503-4064,100.0,96,96,0,100.0,4
s_503-4111,100.0,96,96,0,100.0,4
s_509-4217,100.0,96,96,0,100.0,4
s_509-513,100.0,96,96,0,100.0,4
s_509-9158,100.0,96,96,0,100.0,4
s_513-11355,100.0,96,96,0,100.0,4
s_513-509,100.0,96,96,0,100.0,4
s_513-521,100.0,96,96,0,100.0,4
s_521-513,100.0,96,96,0,100.0,4
s_521-523,100.0,96,96,0,100.0,4
s_521-5654,100.0,96,96,0,100.0,4
s_523-521,100.0,96,96,0,100.0,4
s_523-525,100.0,96,96,0,100.0,4
s_525-523,100.0,96,96,0,100.0,4
s_525-527,100.0,96,96,0,100.0,4
s_527-10033,100.0,96,96,0,100.0,4
s_527-525,100.0,96,96,0,100.0,4
s_527-553,100.0,96,96,0,100.0,4
s_536-10033,100.0,96,96,0,100.0,4
s_536-1783,100.0,96,96,0,100.0,4
s_536-537,100.0,96,96,0,100.0,4
s_537-10700,100.0,96,96,0,100.0,4
s_537-4228,100.0,96,96,0,100.0,4
s_537-536,100.0,96,96,0,100.0,4
s_541-10507,100.0,96,96,0,100.0,4
s_541-4056,100.0,96,96,0,100.0,4
s_541-4175,100.0,96,96,0,100.0,4
s_541-4218,100.0,96,96,0,100.0,4
s_543-10176,100.0,96,96,0,100.0,4
s_543-10537,100.0,96,96,0,100.0,4
s_543-3974,100.0,96,96,0,100.0,4
s_543-4229,100.0,96,96,0,100.0,4
s_545-547,100.0,96,96,0,100.0,4
s_545-9798,100.0,96,96,0,100.0,4
s_547-487,100.0,96,96,0,100.0,4
s_547-545,100.0,96,96,0,100.0,4
s_547-549,100.0,96,96,0,100.0,4
s_549-1527,100.0,96,96,0,100.0,4
s_549-3613,100.0,96,96,0,100.0,4
s_549-547,100.0,96,96,0,100.0,4
s_5529-10514,100.0,96,96,0,100.0,4
s_5529-11385,100.0,96,96,0,100.0,4
s_553-10700,100.0,96,96,0,100.0,4
s_553-1791,100.0,96,96,0,100.0,4
s_553-527,100.0,96,96,0,100.0,4
s_5536-737,100.0,96,96,0,100.0,4
s_5536-743,100.0,96,96,0,100.0,4
s_565-105,100.0,96,96,0,100.0,4
s_565-12355,100.0,96,96,0,100.0,4
s_565-279,100.0,96,96,0,100.0,4
s_5654-1793,100.0,96,96,0,100.0,4
s_5654-1843,100.0,96,96,0,100.0,4
s_5654-521,100.0,96,96,0,100.0,4
s_5655-1589,100.0,96,96,0,100.0,4
s_5655-2271,100.0,96,96,0,100.0,4
s_5655-7127,100.0,96,96,0,100.0,4
s_57-4059,100.0,96,96,0,100.0,4
s_57-58,100.0,96,96,0,100.0,4
s_573-12355,100.0,96,96,0,100.0,4
s_573-1801,100.0,96,96,0,100.0,4
s_573-577,100.0,96,96,0,100.0,4
s_577-573,100.0,96,96,0,100.0,4
s_577-579,100.0,96,96,0,100.0,4
s_577-691,100.0,96,96,0,100.0,4
s_577-693,100.0,96,96,0,100.0,4
s_579-577,100.0,96,96,0,100.0,4
s_579-583,100.0,96,96,0,100.0,4
s_58-57,100.0,96,96,0,100.0,4
s_58-61,100.0,96,96,0,100.0,4
s_583-3408,100.0,96,96,0,100.0,4
s_583-579,100.0,96,96,0,100.0,4
s_5894-12616,100.0,96,96,0,100.0,4
s_5894-411,100.0,96,96,0,100.0,4
s_591-2493,100.0,96,96,0,100.0,4
s_591-4179,100.0,96,96,0,100.0,4
s_591-599,100.0,96,96,0,100.0,4
s_599-11222,100.0,96,96,0,100.0,4
s_599-591,100.0,96,96,0,100.0,4
s_599-613,100.0,96,96,0,100.0,4
s_61-58,100.0,96,96,0,100.0,4
s_61-67,100.0,92,92,0,100.0,4
s_613-599,100.0,96,96,0,100.0,4
s_613-617,100.0,96,96,0,100.0,4
s_613-693,100.0,96,96,0,100.0,4
s_617-10531,100.0,96,96,0,100.0,4
s_617-613,100.0,96,96,0,100.0,4
s_617-619,100.0,96,96,0,100.0,4
s_619-135,100.0,96,96,0,100.0,4
s_619-4140,100.0,96,96,0,100.0,4
s_619-617,100.0,96,96,0,100.0,4
s_629-10550,100.0,96,96,0,100.0,4
s_629-4180,100.0,96,96,0,100.0,4
s_635-10550,100.0,96,96,0,100.0,4
s_635-639,100.0,96,96,0,100.0,4
s_639-12430,100.0,96,96,0,100.0,4
s_639-153,100.0,96,96,0,100.0,4
s_639-19,100.0,96,96,0,100.0,4
s_639-635,100.0,96,96,0,100.0,4
s_649-11205,100.0,96,96,0,100.0,4
s_649-1505,100.0,96,96,0,100.0,4
s_649-652,100.0,96,96,0,100.0,4
s_652-4074,100.0,96,96,0,100.0,4
s_652-649,100.0,96,96,0,100.0,4
s_652-653,100.0,96,96,0,100.0,4
s_653-1505,100.0,96,96,0,100.0,4
s_653-652,100.0,96,96,0,100.0,4
s_653-655,100.0,96,96,0,100.0,4
s_655-3931,100.0,96,96,0,100.0,4
s_655-653,100.0,96,96,0,100.0,4
s_665-1753,100.0,96,96,0,100.0,4
s_665-3907,100.0,96,96,0,100.0,4
s_665-667,100.0,96,96,0,100.0,4
s_667-12130,100.0,96,96,0,100.0,4
s_667-665,100.0,96,96,0,100.0,4
s_667-669,100.0,96,96,0,100.0,4
s_669-3582,100.0,96,96,0,100.0,4
s_669-667,100.0,96,96,0,100.0,4
s_669-9963,100.0,96,96,0,100.0,4
s_67-12117,100.0,96,96,0,100.0,4
s_67-61,100.0,96,96,0,100.0,4
s_681-10507,100.0,96,96,0,100.0,4
s_681-10703,100.0,96,96,0,100.0,4
s_681-683,100.0,96,96,0,100.0,4
s_683-1843,100.0,96,96,0,100.0,4
s_683-681,100.0,96,96,0,100.0,4
s_683-9388,100.0,96,96,0,100.0,4
s_691-577,100.0,96,96,0,100.0,4
s_691-9388,100.0,96,96,0,100.0,4
s_693-125,100.0,96,96,0,100.0,4
s_693-577,100.0,96,96,0,100.0,4
s_693-613,100.0,96,96,0,100.0,4
s_7-11,100.0,96,96,0,100.0,4
s_7-1973,100.0,96,96,0,100.0,4
s_7-1979,100.0,96,96,0,100.0,4
s_7-5,100.0,96,96,0,100.0,4
s_7001-10385,100.0,96,96,0,100.0,4
s_7001-11384,100.0,96,96,0,100.0,4
s_7001-9877,100.0,96,96,0,100.0,4
s_7004-9187,100.0,96,96,0,100.0,4
s_7013-10514,100.0,96,96,0,100.0,4
s_7013-7216,100.0,96,96,0,100.0,4
s_7013-7235,100.0,96,96,0,100.0,4
s_7022-7024,100.0,96,96,0,100.0,4
s_7022-9619,100.0,96,96,0,100.0,4
s_7022-9729,100.0,96,96,0,100.0,4
s_7024-12110,100.0,96,96,0,100.0,4
s_7024-7022,100.0,96,96,0,100.0,4
s_7025-10764,100.0,96,96,0,100.0,4
s_7046-11222,100.0,96,96,0,100.0,4
s_7046-12356,100.0,96,96,0,100.0,4
s_7050-7051,100.0,96,96,0,100.0,4
s_7050-7173,100.0,96,96,0,100.0,4
s_7051-7050,100.0,96,96,0,100.0,4
s_7051-9945,100.0,96,96,0,100.0,4
s_7052-7145,100.0,96,96,0,100.0,4
s_7052-7199,100.0,96,96,0,100.0,4
s_7052-9945,100.0,96,96,0,100.0,4
s_7056-7057,100.0,96,96,0,100.0,4
s_7057-7056,100.0,96,96,0,100.0,4
s_7063-7127,100.0,96,96,0,100.0,4
s_7063-7185,100.0,96,96,0,100.0,4
s_7065-7127,100.0,96,96,0,100.0,4
s_7065-7170,100.0,96,96,0,100.0,4
s_7067-12126,100.0,96,96,0,100.0,4
s_7073-10091,100.0,96,96,0,100.0,4
s_7073-10869,100.0,96,96,0,100.0,4
s_7073-7107,100.0,96,96,0,100.0,4
s_7078-7080,100.0,96,96,0,100.0,4
s_7078-7241,100.0,96,96,0,100.0,4
s_7080-10611,100.0,96,96,0,100.0,4
s_7080-7078,100.0,96,96,0,100.0,4
s_7083-12612,100.0,96,96,0,100.0,4
s_7083-7190,100.0,96,96,0,100.0,4
s_7085-12612,100.0,96,96,0,100.0,4
s_7085-7086,100.0,96,96,0,100.0,4
s_7086-7085,100.0,96,96,0,100.0,4
s_7086-7174,100.0,96,96,0,100.0,4
s_7086-7193,100.0,96,96,0,100.0,4
s_7090-4245,100.0,96,96,0,100.0,4
s_7090-7091,100.0,96,96,0,100.0,4
s_7090-7289,100.0,96,96,0,100.0,4
s_7091-12120,100.0,96,96,0,100.0,4
s_7091-7090,100.0,96,96,0,100.0,4
s_7092-11987,100.0,96,96,0,100.0,4
s_7093-10071,100.0,96,96,0,100.0,4
s_7093-11097,100.0,96,96,0,100.0,4
s_7097-10734,100.0,96,96,0,100.0,4
s_7097-7098,100.0,96,96,0,100.0,4
s_7097-7255,100.0,96,96,0,100.0,4
s_7098-7097,100.0,96,96,0,100.0,4
s_7098-7147,100.0,96,96,0,100.0,4
s_7098-7260,100.0,96,96,0,100.0,4
s_7098-9332,100.0,96,96,0,100.0,4
s_7107-7073,100.0,96,96,0,100.0,4
s_7107-7108,100.0,96,96,0,100.0,4
s_7108-7107,100.0,96,96,0,100.0,4
s_7108-7109,100.0,96,96,0,100.0,4
s_7109-7108,100.0,96,96,0,100.0,4
s_7116-10385,100.0,96,96,0,100.0,4
s_7116-11611,100.0,96,96,0,100.0,4
s_7116-1527,100.0,96,96,0,100.0,4
s_7122-7170,100.0,96,96,0,100.0,4
s_7122-7183,100.0,96,96,0,100.0,4
s_7122-7256,100.0,96,96,0,100.0,4
s_7127-5655,100.0,96,96,0,100.0,4
s_7127-7063,100.0,96,96,0,100.0,4
s_7127-7065,100.0,96,96,0,100.0,4
s_7134-10024,100.0,96,96,0,100.0,4
s_7134-7216,100.0,96,96,0,100.0,4
s_7139-10796,100.0,96,96,0,100.0,4
s_7139-7245,100.0,96,96,0,100.0,4
s_7145-7052,100.0,96,96,0,100.0,4
s_7145-7196,100.0,96,96,0,100.0,4
s_7145-7202,100.0,96,96,0,100.0,4
s_7147-7098,100.0,96,96,0,100.0,4
s_7147-7202,100.0,96,96,0,100.0,4
s_7153-7171,100.0,96,96,0,100.0,4
s_7153-9405,100.0,96,96,0,100.0,4
s_7153-9732,100.0,96,96,0,100.0,4
s_7159-10509,100.0,96,96,0,100.0,4
s_7159-10764,100.0,96,96,0,100.0,4
s_7159-7264,100.0,96,96,0,100.0,4
s_7170-7065,100.0,96,96,0,100.0,4
s_7170-7122,100.0,96,96,0,100.0,4
s_7170-7185,100.0,96,96,0,100.0,4
s_7171-10066,100.0,96,96,0,100.0,4
s_7171-7153,100.0,96,96,0,100.0,4
s_7173-10957,100.0,96,96,0,100.0,4
s_7173-7050,100.0,96,96,0,100.0,4
s_7174-7086,100.0,96,96,0,100.0,4
s_7174-7270,100.0,96,96,0,100.0,4
s_7174-9216,100.0,96,96,0,100.0,4
s_7177-11388,100.0,96,96,0,100.0,4
s_7180-11391,100.0,96,96,0,100.0,4
s_7180-11952,100.0,96,96,0,100.0,4
s_7180-7182,100.0,96,96,0,100.0,4
s_7182-7180,100.0,96,96,0,100.0,4
s_7182-7232,100.0,96,96,0,100.0,4
s_7183-7122,100.0,96,96,0,100.0,4
s_7183-7185,100.0,96,96,0,100.0,4
s_7183-7217,100.0,96,96,0,100.0,4
s_7185-7063,100.0,96,96,0,100.0,4
s_7185-7170,100.0,96,96,0,100.0,4
s_7185-7183,100.0,96,96,0,100.0,4
s_7186-10689,100.0,96,96,0,100.0,4
s_7186-7187,100.0,96,96,0,100.0,4
s_7186-7241,100.0,96,96,0,100.0,4
s_7187-7186,100.0,96,96,0,100.0,4
s_7187-7258,100.0,96,96,0,100.0,4
s_7187-9616,100.0,96,96,0,100.0,4
s_7190-10555,100.0,96,96,0,100.0,4
s_7190-12356,100.0,96,96,0,100.0,4
s_7190-7083,100.0,96,96,0,100.0,4
s_7192-10555,100.0,96,96,0,100.0,4
s_7192-10558,100.0,96,96,0,100.0,4
s_7193-11223,100.0,96,96,0,100.0,4
s_7193-7086,100.0,96,96,0,100.0,4
s_7195-11392,100.0,96,96,0,100.0,4
s_7195-9232,100.0,96,96,0,100.0,4
s_7195-9729,100.0,96,96,0,100.0,4
s_7196-7145,100.0,96,96,0,100.0,4
s_7197-11378,100.0,96,96,0,100.0,4
s_7197-7289,100.0,96,96,0,100.0,4
s_7198-4133,100.0,96,96,0,100.0,4
s_7198-7243,100.0,96,96,0,100.0,4
s_7199-10091,100.0,96,96,0,100.0,4
s_7199-12082,100.0,96,96,0,100.0,4
s_7199-7052,100.0,96,96,0,100.0,4
s_7200-11232,100.0,96,96,0,100.0,4
s_7200-7232,100.0,96,96,0,100.0,4
s_7200-9060,100.0,96,96,0,100.0,4
s_7202-7145,100.0,96,96,0,100.0,4
s_7202-7147,100.0,96,96,0,100.0,4
s_7202-7232,100.0,96,96,0,100.0,4
s_7205-7222,100.0,96,96,0,100.0,4
s_7205-7265,100.0,96,96,0,100.0,4
s_7207-9471,100.0,96,96,0,100.0,4
s_7216-7013,100.0,96,96,0,100.0,4
s_7216-7134,100.0,96,96,0,100.0,4
s_7217-7183,100.0,96,96,0,100.0,4
s_7217-9332,100.0,96,96,0,100.0,4
s_7217-9735,100.0,96,96,0,100.0,4
s_7219-12139,100.0,96,96,0,100.0,4
s_7219-9471,100.0,96,96,0,100.0,4
s_7220-10091,100.0,96,96,0,100.0,4
s_7220-10799,100.0,96,96,0,100.0,4
s_7222-11299,100.0,96,96,0,100.0,4
s_7222-7205,100.0,96,96,0,100.0,4
s_7222-7244,100.0,96,96,0,100.0,4
s_7232-7182,100.0,96,96,0,100.0,4
s_7232-7200,100.0,96,96,0,100.0,4
s_7232-7202,100.0,96,96,0,100.0,4
s_7234-11295,100.0,96,96,0,100.0,4
s_7234-11298,100.0,96,96,0,100.0,4
s_7235-10233,100.0,96,96,0,100.0,4
s_7235-11295,100.0,96,96,0,100.0,4
s_7235-7013,100.0,96,96,0,100.0,4
s_7238-10689,100.0,96,96,0,100.0,4
s_7241-7078,100.0,96,96,0,100.0,4
s_7241-7186,100.0,96,96,0,100.0,4
s_7243-7198,100.0,96,96,0,100.0,4
s_7243-7245,100.0,96,96,0,100.0,4
s_7244-11384,100.0,96,96,0,100.0,4
s_7244-7222,100.0,96,96,0,100.0,4
s_7244-8024,100.0,96,96,0,100.0,4
s_7245-10613,100.0,96,96,0,100.0,4
s_7245-7139,100.0,96,96,0,100.0,4
s_7245-7243,100.0,96,96,0,100.0,4
s_7255-7097,100.0,96,96,0,100.0,4
s_7255-9729,100.0,96,96,0,100.0,4
s_7256-10509,100.0,96,96,0,100.0,4
s_7256-11611,100.0,96,96,0,100.0,4
s_7256-7122,100.0,96,96,0,100.0,4
s_7258-11375,100.0,96,96,0,100.0,4
s_7258-7187,100.0,96,96,0,100.0,4
s_7260-12082,100.0,96,96,0,100.0,4
s_7260-7098,100.0,96,96,0,100.0,4
s_7260-9332,100.0,96,96,0,100.0,4
s_7260-9473,100.0,96,96,0,100.0,4
s_7264-10385,100.0,96,96,0,100.0,4
s_7264-7159,100.0,96,96,0,100.0,4
s_7264-7265,100.0,96,96,0,100.0,4
s_7265-7205,100.0,96,96,0,100.0,4
s_7265-7264,100.0,96,96,0,100.0,4
s_7265-9619,100.0,96,96,0,100.0,4
s_727-3011,100.0,96,96,0,100.0,4
s_727-3685,100.0,96,96,0,100.0,4
s_727-4131,100.0,96,96,0,100.0,4
s_727-729,100.0,96,96,0,100.0,4
s_7270-7174,100.0,96,96,0,100.0,4
s_7270-7271,100.0,96,96,0,100.0,4
s_7270-9913,100.0,96,96,0,100.0,4
s_7271-11056,100.0,96,96,0,100.0,4
s_7271-7270,100.0,96,96,0,100.0,4
s_7289-7090,100.0,96,96,0,100.0,4
s_7289-7197,100.0,96,96,0,100.0,4
s_7289-9216,100.0,96,96,0,100.0,4
s_729-727,100.0,96,96,0,100.0,4
s_729-9702,100.0,96,96,0,100.0,4
s_737-4219,100.0,96,96,0,100.0,4
s_737-5536,100.0,96,96,0,100.0,4
s_743-3013,100.0,96,96,0,100.0,4
s_743-4188,100.0,96,96,0,100.0,4
s_743-5536,100.0,96,96,0,100.0,4
s_743-746,100.0,96,96,0,100.0,4
s_745-10577,100.0,96,96,0,100.0,4
s_745-3560,100.0,96,96,0,100.0,4
s_745-3993,100.0,96,96,0,100.0,4
s_746-3560,100.0,96,96,0,100.0,4
s_746-743,100.0,96,96,0,100.0,4
s_747-10577,100.0,96,96,0,100.0,4
s_747-13,100.0,96,96,0,100.0,4
s_749-12132,100.0,78,78,0,100.0,4
s_749-12539,100.0,96,96,0,100.0,4
s_749-13,100.0,78,78,0,100.0,4
s_749-751,100.0,78,78,0,100.0,4
s_75-10246,100.0,89,89,0,100.0,4
s_75-2117,100.0,96,96,0,100.0,4
s_75-77,100.0,96,96,0,100.0,4
s_751-749,100.0,78,78,0,100.0,4
s_751-755,100.0,96,96,0,100.0,4
s_755-4054,100.0,96,96,0,100.0,4
s_755-751,100.0,96,96,0,100.0,4
s_755-757,100.0,96,96,0,100.0,4
s_757-3424,100.0,96,96,0,100.0,4
s_757-755,100.0,96,96,0,100.0,4
s_757-761,100.0,96,96,0,100.0,4
s_761-10067,100.0,96,96,0,100.0,4
s_761-757,100.0,96,96,0,100.0,4
s_77-10684,100.0,96,96,0,100.0,4
s_77-75,100.0,96,96,0,100.0,4
s_773-10067,100.0,96,96,0,100.0,4
s_773-2041,100.0,96,96,0,100.0,4
s_773-775,100.0,96,96,0,100.0,4
s_775-4021,100.0,96,96,0,100.0,4
s_775-773,100.0,96,96,0,100.0,4
s_779-4021,100.0,96,96,0,100.0,4
s_779-4128,100.0,96,96,0,100.0,4
s_779-781,100.0,96,96,0,100.0,4
s_781-779,100.0,96,96,0,100.0,4
s_781-9129,100.0,96,96,0,100.0,4
s_79-10684,100.0,96,96,0,100.0,4
s_79-83,100.0,96,96,0,100.0,4
s_79-927,100.0,96,96,0,100.0,4
s_799-301,100.0,96,96,0,100.0,4
s_8009-11290,100.0,96,96,0,100.0,4
s_8009-1203,100.0,96,96,0,100.0,4
s_8013-9756,100.0,96,96,0,100.0,4
s_8017-3691,100.0,96,96,0,100.0,4
s_8024-12136,100.0,77,77,0,100.0,4
s_8024-7244,100.0,96,96,0,100.0,4
s_8033-2265,100.0,96,96,0,100.0,4
s_8039-10367,100.0,96,96,0,100.0,4
s_8039-10607,100.0,96,96,0,100.0,4
s_8039-11435,100.0,96,96,0,100.0,4
s_8048-927,100.0,96,96,0,100.0,4
s_8048-929,100.0,96,96,0,100.0,4
s_8052-1,100.0,96,96,0,100.0,4
s_8052-8053,100.0,96,96,0,100.0,4
s_8053-8052,100.0,96,96,0,100.0,4
s_8053-8054,100.0,96,96,0,100.0,4
s_8054-8053,100.0,96,96,0,100.0,4
s_8054-8055,100.0,96,96,0,100.0,4
s_8055-8054,100.0,96,96,0,100.0,4
s_8055-8056,100.0,96,96,0,100.0,4
s_8056-8055,100.0,96,96,0,100.0,4
s_8056-8057,100.0,96,96,0,100.0,4
s_8057-4059,100.0,96,96,0,100.0,4
s_8057-8056,100.0,96,96,0,100.0,4
s_8059-10297,100.0,96,96,0,100.0,4
s_8059-4059,100.0,96,96,0,100.0,4
s_8061-8062,100.0,96,96,0,100.0,4
s_8061-9378,100.0,96,96,0,100.0,4
s_8062-8061,100.0,96,96,0,100.0,4
s_8062-8063,100.0,96,96,0,100.0,4
s_8063-8062,100.0,96,96,0,100.0,4
s_8063-8064,100.0,96,96,0,100.0,4
s_8064-8063,100.0,96,96,0,100.0,4
s_8064-8065,100.0,96,96,0,100.0,4
s_8065-8064,100.0,96,96,0,100.0,4
s_8065-8066,100.0,96,96,0,100.0,4
s_8066-1,100.0,96,96,0,100.0,4
s_8066-8065,100.0,96,96,0,100.0,4
s_8070-1127,100.0,96,96,0,100.0,4
s_8070-11304,100.0,96,96,0,100.0,4
s_8070-1261,100.0,96,96,0,100.0,4
s_8072-1631,100.0,96,96,0,100.0,4
s_8072-1635,100.0,96,96,0,100.0,4
s_8073-1473,100.0,96,96,0,100.0,4
s_8073-4183,100.0,96,96,0,100.0,4
s_8079-1365,100.0,96,96,0,100.0,4
s_8079-1369,100.0,96,96,0,100.0,4
s_8080-1399,100.0,96,96,0,100.0,4
s_8080-4107,100.0,96,96,0,100.0,4
s_811-299,100.0,96,96,0,100.0,4
s_811-4223,100.0,96,96,0,100.0,4
s_817-10828,100.0,96,96,0,100.0,4
s_817-299,100.0,96,96,0,100.0,4
s_823-10929,100.0,96,96,0,100.0,4
s_823-9333,100.0,96,96,0,100.0,4
s_83-79,100.0,96,96,0,100.0,4
s_83-85,100.0,96,96,0,100.0,4
s_831-4049,100.0,96,96,0,100.0,4
s_831-9333,100.0,96,96,0,100.0,4
s_85-83,100.0,96,96,0,100.0,4
s_85-89,100.0,96,96,0,100.0,4
s_857-153,100.0,96,96,0,100.0,4
s_857-1995,100.0,96,96,0,100.0,4
s_857-4188,100.0,96,96,0,100.0,4
s_863-3461,100.0,96,96,0,100.0,4
s_863-9105,100.0,96,96,0,100.0,4
s_865-867,100.0,96,96,0,100.0,4
s_865-9105,100.0,96,96,0,100.0,4
s_867-1973,100.0,96,96,0,100.0,4
s_867-311,100.0,96,96,0,100.0,4
s_867-865,100.0,96,96,0,100.0,4
s_873-12341,100.0,96,96,0,100.0,4
s_873-875,100.0,96,96,0,100.0,4
s_875-873,100.0,96,96,0,100.0,4
s_875-877,100.0,96,96,0,100.0,4
s_877-3691,100.0,96,96,0,100.0,4
s_877-875,100.0,96,96,0,100.0,4
s_889-3437,100.0,96,96,0,100.0,4
s_889-3973,100.0,96,96,0,100.0,4
s_889-9073,100.0,96,96,0,100.0,4
s_89-85,100.0,96,96,0,100.0,4
s_89-91,100.0,96,96,0,100.0,4
s_9039-1357,100.0,96,96,0,100.0,4
s_9039-3768,100.0,96,96,0,100.0,4
s_9054-10608,100.0,96,96,0,100.0,4
s_9054-99,100.0,96,96,0,100.0,4
s_9060-11373,100.0,96,96,0,100.0,4
s_9060-7200,100.0,96,96,0,100.0,4
s_9073-12099,100.0,96,96,0,100.0,4
s_9073-889,100.0,96,96,0,100.0,4
s_91-10005,100.0,96,96,0,100.0,4
s_91-367,100.0,96,96,0,100.0,4
s_91-89,100.0,96,96,0,100.0,4
s_9105-863,100.0,96,96,0,100.0,4
s_9105-865,100.0,96,96,0,100.0,4
s_9127-4067,100.0,96,96,0,100.0,4
s_9127-4071,100.0,96,96,0,100.0,4
s_9128-12132,100.0,96,96,0,100.0,4
s_9128-2029,100.0,96,96,0,100.0,4
s_9129-4115,100.0,96,96,0,100.0,4
s_9129-781,100.0,96,96,0,100.0,4
s_9131-365,100.0,96,96,0,100.0,4
s_9131-9986,100.0,96,96,0,100.0,4
s_9150-1117,100.0,96,96,0,100.0,4
s_9150-1119,100.0,96,96,0,100.0,4
s_9150-9478,100.0,96,96,0,100.0,4
s_9157-11292,100.0,96,96,0,100.0,4
s_9157-4223,100.0,96,96,0,100.0,4
s_9158-12285,100.0,96,96,0,100.0,4
s_9158-4218,100.0,96,96,0,100.0,4
s_9158-509,100.0,96,96,0,100.0,4
s_9175-3478,100.0,96,96,0,100.0,4
s_9175-9701,100.0,96,96,0,100.0,4
s_9187-17,100.0,96,96,0,100.0,4
s_9187-7004,100.0,96,96,0,100.0,4
s_9216-7174,100.0,96,96,0,100.0,4
s_9216-7289,100.0,96,96,0,100.0,4
s_9232-10613,100.0,96,96,0,100.0,4
s_9232-7195,100.0,96,96,0,100.0,4
s_9232-9962,100.0,96,96,0,100.0,4
s_9251-11205,100.0,96,96,0,100.0,4
s_9254-1213,100.0,96,96,0,100.0,4
s_9254-1215,100.0,96,96,0,100.0,4
s_9266-1909,100.0,96,96,0,100.0,4
s_9266-1910,100.0,96,96,0,100.0,4
s_927-79,100.0,96,96,0,100.0,4
s_927-8048,100.0,96,96,0,100.0,4
s_9276-10811,100.0,96,96,0,100.0,4
s_9276-11290,100.0,96,96,0,100.0,4
s_9276-9911,100.0,96,96,0,100.0,4
s_929-345,100.0,96,96,0,100.0,4
s_929-8048,100.0,96,96,0,100.0,4
s_93-10005,100.0,96,96,0,100.0,4
s_93-381,100.0,96,96,0,100.0,4
s_93-95,100.0,96,96,0,100.0,4
s_9306-1195,100.0,96,96,0,100.0,4
s_9306-2251,100.0,96,96,0,100.0,4
s_9326-1161,100.0,96,96,0,100.0,4
s_9326-1405,100.0,96,96,0,100.0,4
s_9326-3842,100.0,96,96,0,100.0,4
s_9327-3426,100.0,96,96,0,100.0,4
s_9327-3545,100.0,96,96,0,100.0,4
s_933-11296,100.0,96,96,0,100.0,4
s_933-345,100.0,96,96,0,100.0,4
s_9332-7098,100.0,96,96,0,100.0,4
s_9332-7217,100.0,96,96,0,100.0,4
s_9332-7260,100.0,96,96,0,100.0,4
s_9333-4169,100.0,96,96,0,100.0,4
s_9333-823,100.0,96,96,0,100.0,4
s_9333-831,100.0,96,96,0,100.0,4
s_9334-11436,100.0,96,96,0,100.0,4
s_9334-1213,100.0,96,96,0,100.0,4
s_935-11296,100.0,96,96,0,100.0,4
s_935-11297,100.0,96,96,0,100.0,4
s_9350-10916,100.0,96,96,0,100.0,4
s_9378-4099,100.0,96,96,0,100.0,4
s_9378-4185,100.0,96,96,0,100.0,4
s_9378-8061,100.0,96,96,0,100.0,4
s_9387-1191,100.0,96,96,0,100.0,4
s_9387-1195,100.0,96,96,0,100.0,4
s_9387-4203,100.0,96,96,0,100.0,4
s_9388-4179,100.0,96,96,0,100.0,4
s_9388-683,100.0,96,96,0,100.0,4
s_9388-691,100.0,96,96,0,100.0,4
s_9405-7153,100.0,96,96,0,100.0,4
s_9405-9877,100.0,96,96,0,100.0,4
s_941-10765,100.0,96,96,0,100.0,4
s_941-11731,100.0,96,96,0,100.0,4
s_941-945,100.0,96,96,0,100.0,4
s_9410-1247,100.0,96,96,0,100.0,4
s_9410-1445,100.0,96,96,0,100.0,4
s_9419-3013,100.0,96,96,0,100.0,4
s_9419-3692,100.0,96,96,0,100.0,4
s_9427-12134,100.0,96,96,0,100.0,4
s_9427-4132,100.0,96,96,0,100.0,4
s_9429-11433,100.0,96,96,0,100.0,4
s_9448-9473,100.0,96,96,0,100.0,4
s_945-2635,100.0,96,96,0,100.0,4
s_945-4197,100.0,96,96,0,100.0,4
s_945-941,100.0,96,96,0,100.0,4
s_9456-10488,100.0,96,96,0,100.0,4
s_9456-1115,100.0,96,96,0,100.0,4
s_9461-10398,100.0,96,96,0,100.0,4
s_9461-1395,100.0,96,96,0,100.0,4
s_9471-7207,100.0,96,96,0,100.0,4
s_9471-7219,100.0,96,96,0,100.0,4
s_9471-9831,100.0,96,96,0,100.0,4
s_9472-10265,100.0,96,96,0,100.0,4
s_9472-9831,100.0,96,96,0,100.0,4
s_9473-7260,100.0,96,96,0,100.0,4
s_9473-9448,100.0,96,96,0,100.0,4
s_9478-1073,100.0,96,96,0,100.0,4
s_9478-11304,100.0,96,96,0,100.0,4
s_9478-12613,100.0,96,96,0,100.0,4
s_9478-9150,100.0,96,96,0,100.0,4
s_95-399,100.0,96,96,0,100.0,4
s_95-93,100.0,96,96,0,100.0,4
s_95-97,100.0,96,96,0,100.0,4
s_9537-321,100.0,96,96,0,100.0,4
s_9537-323,100.0,96,96,0,100.0,4
s_9616-10701,100.0,96,96,0,100.0,4
s_9616-12354,100.0,96,96,0,100.0,4
s_9616-7187,100.0,96,96,0,100.0,4
s_9619-11097,100.0,96,96,0,100.0,4
s_9619-7022,100.0,96,96,0,100.0,4
s_9619-7265,100.0,96,96,0,100.0,4
s_963-10269,100.0,96,96,0,100.0,4
s_963-3655,100.0,96,96,0,100.0,4
s_9674-12346,100.0,96,96,0,100.0,4
s_9674-3461,100.0,96,96,0,100.0,4
s_9674-9944,100.0,96,96,0,100.0,4
s_9688-10488,100.0,96,96,0,100.0,4
s_9688-1195,100.0,96,96,0,100.0,4
s_9688-1197,100.0,96,96,0,100.0,4
s_9689-2059,100.0,96,96,0,100.0,4
s_9689-2061,100.0,96,96,0,100.0,4
s_97-11291,100.0,96,96,0,100.0,4
s_97-11982,100.0,96,96,0,100.0,4
s_97-95,100.0,96,96,0,100.0,4
s_9700-2085,100.0,96,96,0,100.0,4
s_9700-2087,100.0,96,96,0,100.0,4
s_9701-10067,100.0,96,96,0,100.0,4
s_9701-9175,100.0,96,96,0,100.0,4
s_9702-11988,100.0,96,96,0,100.0,4
s_9702-4219,100.0,96,96,0,100.0,4
s_9702-729,100.0,96,96,0,100.0,4
s_9729-7022,100.0,96,96,0,100.0,4
s_9729-7195,100.0,96,96,0,100.0,4
s_9729-7255,100.0,96,96,0,100.0,4
s_9730-11386,100.0,96,96,0,100.0,4
s_9730-2041,100.0,96,96,0,100.0,4
s_9732-11050,100.0,96,96,0,100.0,4
s_9732-7153,100.0,96,96,0,100.0,4
s_9735-10764,100.0,96,96,0,100.0,4
s_9735-7217,100.0,96,96,0,100.0,4
s_9735-7255,100.0,96,96,0,100.0,4
s_9736-11983,100.0,96,96,0,100.0,4
s_9736-1373,100.0,96,96,0,100.0,4
s_9736-435,100.0,96,96,0,100.0,4
s_9736-9756,100.0,96,96,0,100.0,4
s_9756-10367,100.0,96,96,0,100.0,4
s_9756-8013,100.0,96,96,0,100.0,4
s_9756-9736,100.0,96,96,0,100.0,4
s_9756-9989,100.0,96,96,0,100.0,4
s_9797-4140,100.0,96,96,0,100.0,4
s_9797-4180,100.0,96,96,0,100.0,4
s_9798-3919,100.0,96,96,0,100.0,4
s_9798-545,100.0,96,96,0,100.0,4
s_9802-10574,100.0,96,96,0,100.0,4
s_9802-4186,100.0,96,96,0,100.0,4
s_9827-10918,100.0,96,96,0,100.0,4
s_9827-11053,100.0,96,96,0,100.0,4
s_9831-9471,100.0,96,96,0,100.0,4
s_9831-9472,100.0,96,96,0,100.0,4
s_9839-2117,100.0,96,96,0,100.0,4
s_9839-335,100.0,96,96,0,100.0,4
s_9877-7001,100.0,96,96,0,100.0,4
s_9877-9405,100.0,96,96,0,100.0,4
s_99-12236,100.0,96,96,0,100.0,4
s_99-279,100.0,96,96,0,100.0,4
s_99-9054,100.0,96,96,0,100.0,4
s_9911-9276,100.0,96,96,0,100.0,4
s_9911-9989,100.0,96,96,0,100.0,4
s_9913-11380,100.0,96,96,0,100.0,4
s_9913-7270,100.0,96,96,0,100.0,4
s_9944-10574,100.0,96,96,0,100.0,4
s_9944-9674,100.0,96,96,0,100.0,4
s_9945-7051,100.0,96,96,0,100.0,4
s_9945-7052,100.0,96,96,0,100.0,4
s_9962-9232,100.0,96,96,0,100.0,4
s_9963-3898,100.0,96,96,0,100.0,4
s_9963-669,100.0,96,96,0,100.0,4
s_9986-361,100.0,96,96,0,100.0,4
s_9986-9131,100.0,96,96,0,100.0,4
s_9986-9987,100.0,96,96,0,100.0,4
s_9987-4226,100.0,96,96,0,100.0,4
s_9987-9986,100.0,96,96,0,100.0,4
s_9989-11434,100.0,96,96,0,100.0,4
s_9989-9756,100.0,96,96,0,100.0,4
s_9989-9911,100.0,96,96,0,100.0,4
s_9995-4037,100.0,96,96,0,100.0,4
s_9995-9998,100.0,96,96,0,100.0,4
s_9998-3919,100.0,96,96,0,100.0,4
s_9998-9995,100.0,96,96,0,100.0,4
s_9999-11434,100.0,96,96,0,100.0,4
s_9999-1203,100.0,96,96,0,100.0,4
s_9999-1205,100.0,96,96,0,100.0,4
